time,rho,T,vx,by,bz
0,4.97E-20,364836.7661,489310,1.04E-08,1.33E-08
60,4.61E-20,425348.5258,487426,1.40E-08,-6.61E-09
120,4.45E-20,327217.2392,490838,1.20E-08,-1.21E-08
180,4.29E-20,241936.796,494251,1.41E-08,-1.30E-08
240,4.82E-20,284670.434,494690,1.27E-08,-1.93E-09
300,4.24E-20,291808.3731,501069,4.71E-09,1.21E-08
360,3.66E-20,299034.5065,507440,6.23E-09,1.81E-08
420,3.96E-20,306348.8343,505616,1.24E-08,1.34E-08
480,4.26E-20,313751.3564,503791,1.37E-08,1.18E-08
540,4.08E-20,420160.1458,497914,9.23E-09,1.21E-08
600,4.32E-20,352785.474,498162,4.49E-09,1.42E-08
660,4.56E-20,291294.2929,498415,6.61E-09,1.25E-08
720,4.62E-20,344737.7407,499646,9.04E-09,1.07E-08
780,4.68E-20,402680.2601,500877,1.35E-08,-8.50E-09
840,4.49E-20,373316.1875,497023,1.27E-08,-7.26E-09
900,4.46E-20,358370.7286,493819,1.36E-08,-8.44E-09
960,4.42E-20,343731.629,490615,1.14E-08,-6.73E-09
1020,4.45E-20,340247.9526,490548,1.05E-08,-5.60E-09
1080,4.47E-20,336782.8435,490481,1.05E-08,-6.69E-09
1140,4.54E-20,381673.7614,483245,1.06E-08,-7.53E-09
1200,4.53E-20,383437.6482,483058,1.25E-08,-5.71E-09
1260,4.52E-20,385206.1767,482870,8.96E-09,-1.02E-08
1320,4.51E-20,386978.1867,482681,8.09E-09,-1.22E-08
1380,4.58E-20,373840.7117,478668,6.24E-09,-1.28E-08
1440,4.66E-20,360929.5248,474659,3.98E-09,-1.31E-08
1500,4.29E-20,317367.3243,475774,1.24E-08,-1.50E-09
1560,3.91E-20,276606.4544,476886,1.23E-08,8.75E-11
1620,4.15E-20,288161.0731,468494,1.17E-08,-7.54E-09
1680,4.30E-20,304920.3181,467972,1.15E-08,-7.55E-09
1740,4.46E-20,322153.0275,467447,1.24E-08,-4.06E-09
1800,4.40E-20,302069.088,466183,1.01E-08,1.25E-09
1860,4.35E-20,282631.5202,464921,1.11E-08,2.79E-09
1920,4.07E-20,257606.3768,464287,1.08E-08,3.87E-09
1980,4.23E-20,275044.4862,462141,1.04E-08,4.75E-09
2040,4.40E-20,293052.3774,459994,8.53E-09,6.42E-09
2100,4.17E-20,310821.2156,461093,6.12E-09,8.77E-09
2160,3.94E-20,329113.4175,462197,5.50E-09,9.34E-09
2220,3.42E-20,799565.2239,475359,3.95E-09,8.74E-09
2280,3.16E-20,610975.5581,478282,1.06E-08,-1.36E-08
2340,2.90E-20,447713.9136,481197,1.04E-08,-1.64E-08
2400,3.61E-20,477690.7048,490253,8.53E-09,-1.80E-08
2460,3.29E-20,508638.7942,492396,6.22E-09,-1.86E-08
2520,2.97E-20,540558.1817,494538,5.67E-09,-1.67E-08
2580,3.10E-20,573448.8674,493436,3.19E-09,-1.55E-08
2640,3.23E-20,607310.8513,492338,6.82E-10,-1.67E-08
2700,3.04E-20,422156.1229,503185,-5.82E-10,-1.68E-08
2760,3.36E-20,500731.4755,506289,5.27E-10,-1.74E-08
2820,3.67E-20,586008.4374,509401,2.53E-09,-1.62E-08
2880,3.26E-20,571681.4993,509424,2.31E-10,-1.68E-08
2940,2.84E-20,557532.1104,509443,-2.55E-09,-1.64E-08
3000,2.82E-20,543559.1101,502811,-1.50E-09,-1.66E-08
3060,2.81E-20,529763.659,496181,7.77E-10,-1.74E-08
3120,2.79E-20,516146.9174,489554,2.65E-09,-1.70E-08
3180,2.77E-20,502705.4041,482928,2.86E-09,-1.71E-08
3240,2.75E-20,489442.6003,476305,2.73E-09,-1.75E-08
3300,2.74E-20,476356.1852,469683,5.51E-09,-1.58E-08
3360,2.72E-20,463448.4797,463065,8.91E-09,-1.39E-08
3420,2.70E-20,450717.1629,456448,1.03E-08,-7.14E-09
3480,2.90E-20,562178.5594,463107,1.24E-08,-3.19E-09
3540,3.09E-20,685943.0661,469767,1.35E-08,-3.65E-09
3600,3.45E-20,764568.3181,500596,9.86E-09,1.91E-09
3660,3.48E-20,759152.4895,507864,7.50E-09,-1.04E-09
3720,3.51E-20,753755.2282,515131,8.30E-09,-1.27E-08
3780,3.45E-20,748377.6945,519392,2.19E-09,-1.42E-08
3840,3.39E-20,743019.8884,523653,2.94E-09,-1.35E-08
3900,3.33E-20,737680.6497,527913,1.11E-08,-1.40E-08
3960,3.06E-20,694102.2028,524073,1.22E-08,-1.28E-08
4020,2.80E-20,651850.1523,520226,7.34E-09,-1.54E-08
4080,3.20E-20,745025.1492,529801,9.71E-09,-1.58E-08
4140,3.08E-20,741867.5598,533507,8.45E-09,-1.62E-08
4200,2.96E-20,738718.0936,537212,8.11E-09,-1.59E-08
4260,2.98E-20,725246.4085,524336,1.17E-08,-1.19E-08
4320,3.00E-20,711898.8918,511454,7.75E-09,-1.30E-08
4380,2.74E-20,727249.3483,498678,2.75E-09,-1.21E-08
4440,2.71E-20,686386.3587,498975,1.44E-09,-1.25E-08
4500,2.69E-20,646705.8694,499265,4.57E-09,-1.10E-08
4560,2.66E-20,571666.4134,497390,2.87E-09,-1.18E-08
4620,2.62E-20,501252.5184,495509,5.29E-09,-1.55E-08
4680,2.51E-20,560692.0206,505493,4.53E-09,-1.58E-08
4740,2.46E-20,541560.8121,509270,6.41E-09,-1.55E-08
4800,2.42E-20,522760.3323,513049,9.34E-09,-1.38E-08
4860,2.58E-20,547967.6665,537056,1.03E-08,-1.30E-08
4920,2.74E-20,573769.1521,561086,1.21E-08,-9.28E-09
4980,3.17E-20,637725.1328,568686,5.08E-10,-1.63E-08
5040,3.03E-20,637823.7712,570176,-3.83E-09,-1.47E-08
5100,2.89E-20,637922.4096,571667,-1.79E-09,-1.64E-08
5160,3.17E-20,638022.2085,568901,-2.50E-10,-1.75E-08
5220,3.13E-20,638120.8469,565546,6.00E-10,-1.77E-08
5280,3.09E-20,638220.6458,562188,2.14E-09,-1.78E-08
5340,3.13E-20,638319.2842,559966,3.90E-09,-1.81E-08
5400,3.18E-20,638419.083,557733,5.15E-09,-1.54E-08
5460,2.84E-20,608971.4578,551133,4.45E-09,-1.62E-08
5520,2.93E-20,615554.701,552456,9.98E-09,-1.69E-08
5580,3.02E-20,622172.7576,553784,1.00E-08,-1.78E-08
5640,3.12E-20,628826.7883,555608,8.27E-09,-1.88E-08
5700,3.23E-20,635516.793,557431,5.19E-09,-1.98E-08
5760,3.15E-20,642241.6113,561871,3.86E-09,-1.97E-08
5820,3.18E-20,649001.2431,561493,-2.43E-10,-1.87E-08
5880,3.22E-20,655796.8489,561113,2.13E-10,-1.92E-08
5940,3.09E-20,662628.4287,558070,2.79E-10,-1.91E-08
6000,2.95E-20,669494.8221,555027,2.36E-09,-1.97E-08
6060,2.77E-20,676397.1895,549200,3.30E-09,-2.00E-08
6120,2.99E-20,683334.3704,548311,2.31E-09,-2.04E-08
6180,3.22E-20,690306.3649,547423,2.13E-09,-2.07E-08
6240,3.19E-20,697314.3334,548632,3.61E-09,-1.99E-08
6300,3.16E-20,704358.2759,549841,4.70E-09,-1.98E-08
6360,2.94E-20,711437.0319,552365,5.35E-09,-1.95E-08
6420,3.09E-20,718550.6015,555942,5.30E-10,-2.09E-08
6480,3.25E-20,725700.1452,559515,6.20E-10,-2.13E-08
6540,3.18E-20,732885.6628,552602,2.48E-09,-2.03E-08
6600,3.11E-20,740105.9939,545688,2.23E-09,-1.97E-08
6660,3.23E-20,747361.1387,551362,4.99E-09,-1.96E-08
6720,3.05E-20,754652.2574,549088,7.60E-09,-1.87E-08
6780,2.86E-20,761979.3502,546809,9.84E-09,-1.76E-08
6840,3.11E-20,769341.2564,541783,9.03E-09,-1.81E-08
6900,3.37E-20,776737.9763,536770,1.25E-08,-1.43E-08
6960,3.21E-20,750198.4434,547036,1.37E-08,-1.40E-08
7020,3.33E-20,737114.3492,547471,1.21E-08,-1.72E-08
7080,3.46E-20,724143.9793,547907,8.76E-09,-1.91E-08
7140,3.37E-20,707320.9094,563916,5.70E-09,-1.95E-08
7200,3.48E-20,690695.1162,568715,6.05E-09,-1.86E-08
7260,3.60E-20,674266.5999,573505,1.20E-09,-1.91E-08
7320,3.38E-20,658036.5209,574689,5.62E-09,-1.95E-08
7380,3.17E-20,642003.7187,575875,6.78E-09,-1.84E-08
7440,3.70E-20,655058.8015,583681,3.66E-09,-1.91E-08
7500,3.58E-20,656020.8161,569664,1.54E-09,-1.91E-08
7560,3.46E-20,656985.1516,555647,4.54E-09,-1.92E-08
7620,3.51E-20,684971.7679,554316,1.15E-08,-1.64E-08
7680,3.57E-20,713540.9311,552977,1.55E-08,-1.36E-08
7740,3.38E-20,804048.0492,556350,1.08E-08,-1.54E-08
7800,3.42E-20,731081.1602,555017,1.39E-08,-1.19E-08
7860,3.45E-20,661585.1825,553670,3.78E-09,-1.97E-08
7920,3.52E-20,627574.6608,550915,1.18E-08,-1.70E-08
7980,3.59E-20,594461.1684,548168,1.51E-08,-1.57E-08
8040,3.36E-20,613268.6109,543402,1.70E-08,-1.24E-08
8100,3.45E-20,654290.5824,544463,1.74E-08,-1.16E-08
8160,3.54E-20,696640.1109,545525,1.77E-08,-9.27E-09
8220,3.91E-20,663787.7201,548899,1.79E-08,-8.81E-09
8280,4.06E-20,686256.3881,545271,1.58E-08,-1.29E-08
8340,4.22E-20,709098.7215,541646,1.05E-08,-1.39E-08
8400,4.14E-20,684675.8527,540648,9.01E-09,-1.45E-08
8460,4.06E-20,660681.1906,539648,6.45E-09,-1.38E-08
8520,4.07E-20,610413.8994,536445,8.81E-09,-1.35E-08
8580,3.78E-20,613991.5724,534878,1.13E-08,-1.09E-08
8640,3.49E-20,617578.5289,533315,1.25E-08,-8.33E-09
8700,3.47E-20,593864.6961,526576,1.33E-08,-3.88E-09
8760,3.46E-20,570613.8836,519827,1.43E-08,-4.30E-10
8820,3.73E-20,617493.8159,521119,1.58E-08,-8.12E-09
8880,3.67E-20,639781.4534,520830,1.78E-08,-7.72E-09
8940,3.61E-20,662463.6446,520543,1.72E-08,-4.94E-09
9000,3.69E-20,670901.2897,525717,1.70E-08,-2.61E-09
9060,3.77E-20,679392.3156,530895,1.73E-08,-5.35E-09
9120,3.69E-20,658171.1333,530300,1.70E-08,-7.77E-09
9180,3.66E-20,648817.8917,529146,1.65E-08,-7.42E-09
9240,3.62E-20,639531.9563,527994,1.85E-08,-5.93E-09
9300,3.59E-20,629911.8108,527693,1.79E-08,-6.20E-09
9360,3.56E-20,620363.6133,527391,1.79E-08,-5.96E-09
9420,4.17E-20,782331.354,543696,1.75E-08,-5.68E-09
9480,4.02E-20,692266.368,544953,1.71E-08,-3.84E-09
9540,3.87E-20,607707.7258,546209,1.42E-08,-3.59E-09
9600,3.90E-20,662416.066,545935,1.56E-08,-4.09E-09
9660,4.00E-20,646327.5621,545229,1.65E-08,-3.93E-09
9720,4.09E-20,630436.335,544523,1.65E-08,-3.20E-09
9780,4.09E-20,648453.5098,544390,1.68E-08,-2.44E-09
9840,4.09E-20,666724.8236,544259,1.65E-08,-2.14E-09
9900,4.02E-20,606290.8141,536415,1.55E-08,-1.95E-09
9960,4.12E-20,640818.8974,534331,1.55E-08,-1.50E-09
10020,4.22E-20,676303.1929,532245,1.30E-08,-1.50E-09
10080,4.17E-20,677211.8266,533347,1.24E-08,-2.14E-09
10140,4.13E-20,678121.6209,534449,1.26E-08,-2.88E-09
10200,4.21E-20,603736.6597,534479,1.36E-08,-2.82E-09
10260,3.90E-20,581279.5962,531837,1.42E-08,-1.38E-09
10320,3.59E-20,559248.4186,529189,1.41E-08,-1.46E-09
10380,3.77E-20,618599.7265,527814,1.40E-08,-2.55E-09
10440,3.94E-20,680943.8397,526436,1.31E-08,-3.81E-09
10500,3.72E-20,572817.5816,534278,1.45E-08,-1.89E-09
10560,3.74E-20,597528.2425,533516,1.51E-08,1.75E-10
10620,3.75E-20,622759.9463,532758,1.50E-08,5.70E-10
10680,3.65E-20,604269.3071,535805,1.52E-08,1.54E-09
10740,3.55E-20,586057.1764,538853,1.66E-08,2.18E-09
10800,3.71E-20,630580.231,555190,1.66E-08,1.64E-09
10860,3.81E-20,610380.2463,546930,1.72E-08,3.50E-09
10920,3.90E-20,590509.83,538651,1.63E-08,1.02E-08
10980,4.15E-20,659389.6077,535276,1.43E-08,-6.77E-11
11040,4.21E-20,651721.3421,533049,1.41E-08,-3.01E-09
11100,4.27E-20,644097.1737,530828,1.40E-08,-2.38E-09
11160,4.17E-20,694427.1293,532682,1.32E-08,-1.50E-09
11220,4.08E-20,746649.7817,534535,1.24E-08,-1.94E-09
11280,4.31E-20,733735.1135,531906,1.22E-08,-3.73E-09
11340,4.28E-20,696525.2261,535286,1.21E-08,-4.10E-09
11400,4.25E-20,660283.1556,538666,7.40E-09,-6.41E-09
11460,4.05E-20,591355.7993,536393,8.26E-09,-4.56E-09
11520,3.86E-20,526226.6018,534113,1.01E-08,-4.72E-09
11580,3.57E-20,511241.6876,527971,1.39E-08,-5.60E-10
11640,3.56E-20,489704.8624,521437,1.48E-08,1.16E-09
11700,3.55E-20,468629.897,514898,1.61E-08,9.57E-10
11760,3.44E-20,478027.2358,526543,1.20E-08,-3.92E-09
11820,3.34E-20,487517.4107,538207,1.18E-08,-7.99E-10
11880,3.39E-20,553263.9686,538242,1.26E-08,7.60E-09
11940,3.31E-20,522011.8409,537234,1.28E-08,5.15E-09
12000,3.22E-20,491667.1864,536226,1.40E-08,4.14E-09
12060,3.04E-20,500262.653,540200,1.51E-08,3.99E-09
12120,2.86E-20,508932.3885,544174,1.47E-08,5.71E-09
12180,2.99E-20,530252.2092,545979,1.48E-08,5.91E-09
12240,2.99E-20,537961.0906,544361,1.47E-08,6.05E-09
12300,3.00E-20,545725.6736,542743,1.47E-08,6.82E-09
12360,3.06E-20,531143.4362,547653,1.46E-08,6.97E-09
12420,3.10E-20,524585.723,550103,1.43E-08,7.15E-09
12480,3.15E-20,518068.6256,552552,1.39E-08,8.60E-09
12540,3.16E-20,514915.678,552472,1.34E-08,9.63E-09
12600,3.18E-20,511772.0141,552391,1.31E-08,1.01E-08
12660,3.14E-20,561496.2138,556415,1.31E-08,1.10E-08
12720,3.33E-20,561464.8816,558966,1.32E-08,1.11E-08
12780,3.52E-20,561433.5494,561517,1.28E-08,1.23E-08
12840,3.46E-20,548376.1456,565400,1.11E-08,1.11E-08
12900,3.40E-20,535473.0819,569283,1.05E-08,1.24E-08
12960,3.51E-20,512910.4173,567708,1.06E-08,1.32E-08
13020,3.38E-20,526751.1261,568453,1.06E-08,1.40E-08
13080,3.26E-20,540777.5071,569200,9.42E-09,1.40E-08
13140,3.11E-20,537395.9505,573565,8.83E-09,1.43E-08
13200,2.96E-20,534025.9985,577930,8.45E-09,1.37E-08
13260,2.57E-20,475731.8621,575198,7.97E-09,1.51E-08
13320,3.01E-20,494810.8504,580226,1.05E-08,1.51E-08
13380,3.45E-20,514263.5041,585249,1.12E-08,1.45E-08
13440,3.34E-20,526795.2232,585224,8.55E-09,1.55E-08
13500,3.22E-20,539476.6406,585195,9.97E-09,1.47E-08
13560,3.14E-20,492882.1795,573976,1.10E-08,1.41E-08
13620,3.18E-20,504336.9993,574096,1.11E-08,1.40E-08
13680,3.23E-20,515924.1106,574217,1.25E-08,1.42E-08
13740,2.92E-20,436267.2169,572664,1.27E-08,1.19E-08
13800,2.94E-20,501688.8483,570549,1.35E-08,1.11E-08
13860,2.96E-20,571680.3389,568437,1.38E-08,1.07E-08
13920,2.95E-20,555203.0836,571292,1.54E-08,8.42E-09
13980,2.93E-20,538966.0418,574153,1.46E-08,6.62E-09
14040,2.83E-20,464808.5292,582880,1.40E-08,1.24E-08
14100,2.81E-20,472366.5519,582745,1.45E-08,1.22E-08
14160,2.78E-20,479983.7576,582609,1.43E-08,1.51E-08
14220,2.97E-20,511790.5813,580979,1.36E-08,1.49E-08
14280,3.16E-20,544616.2817,579352,1.30E-08,1.47E-08
14340,2.74E-20,508782.6902,583984,1.27E-08,1.12E-08
14400,2.86E-20,545721.0318,587511,1.28E-08,1.36E-08
14460,2.99E-20,583954.4377,591016,1.34E-08,1.25E-08
14520,3.17E-20,620397.2664,591851,1.34E-08,1.11E-08
14580,3.35E-20,657943.6848,592694,1.23E-08,9.92E-09
14640,3.34E-20,564854.5613,585905,1.09E-08,1.05E-08
14700,3.15E-20,531236.2723,581273,9.85E-09,1.03E-08
14760,2.96E-20,498649.625,576651,4.33E-09,1.19E-08
14820,2.81E-20,508346.3603,588665,4.64E-09,1.23E-08
14880,3.07E-20,611863.3038,589455,8.87E-09,1.29E-08
14940,3.33E-20,724966.7396,590240,1.37E-08,1.28E-08
15000,3.46E-20,710972.8512,602146,5.66E-09,1.12E-08
15060,3.60E-20,697113.5752,614039,1.10E-08,1.17E-08
15120,3.72E-20,761737.9762,610826,1.22E-08,9.53E-09
15180,3.56E-20,745066.9254,607501,1.17E-08,8.86E-09
15240,3.40E-20,728580.3865,604183,1.28E-08,8.41E-09
15300,3.32E-20,707280.2935,597036,1.34E-08,9.48E-09
15360,3.25E-20,686297.0039,589891,1.19E-08,1.01E-08
15420,3.22E-20,693943.2209,604376,1.03E-08,1.28E-08
15480,3.11E-20,663853.8658,598338,1.16E-08,1.17E-08
15540,3.00E-20,634431.7706,592283,1.32E-08,1.39E-08
15600,3.15E-20,669005.1114,590679,1.40E-08,1.04E-08
15660,3.30E-20,704496.3696,589080,1.41E-08,1.18E-08
15720,3.36E-20,735712.5234,586562,9.39E-09,1.22E-08
15780,3.60E-20,826590.9861,575185,1.04E-08,1.18E-08
15840,3.83E-20,922761.1092,563821,9.23E-09,1.46E-08
15900,3.50E-20,838659.685,566711,6.78E-09,1.15E-08
15960,3.16E-20,758574.5845,569620,9.95E-09,9.52E-09
16020,3.36E-20,750999.1551,572656,8.47E-09,1.36E-08
16080,3.55E-20,743463.181,575690,3.43E-09,1.50E-08
16140,3.75E-20,735964.3414,578723,1.64E-09,1.69E-08
16200,3.95E-20,728503.7967,581755,-3.92E-09,1.50E-08
16260,4.14E-20,721081.5469,584785,-9.47E-09,1.31E-08
16320,4.34E-20,713696.4316,587813,-1.50E-08,1.12E-08
16380,4.33E-20,706349.6112,599307,-5.64E-09,1.84E-08
16440,4.32E-20,699041.0857,610772,-9.21E-09,1.76E-08
16500,4.59E-20,841422.7207,606628,-1.30E-08,1.29E-08
16560,4.37E-20,839272.4035,603055,-2.12E-08,3.00E-09
16620,4.15E-20,837125.5677,599478,-2.11E-08,3.68E-09
16680,3.90E-20,840164.791,597387,-2.23E-08,4.65E-10
16740,3.65E-20,843207.4956,595299,-2.31E-08,-2.42E-09
16800,4.15E-20,934300.642,598108,-2.41E-08,-2.80E-09
16860,4.38E-20,854571.8002,598950,-2.31E-08,-8.95E-10
16920,4.61E-20,778398.5828,599790,-2.20E-08,6.45E-10
16980,4.57E-20,773508.4389,599132,-2.08E-08,2.86E-10
17040,4.52E-20,768633.3808,598473,-2.12E-08,1.70E-09
17100,4.62E-20,801659.8394,594510,-2.06E-08,1.61E-09
17160,4.65E-20,799805.4374,595192,-2.12E-08,-1.81E-10
17220,4.67E-20,797952.1959,595882,-2.02E-08,3.78E-09
17280,4.78E-20,979271.631,609972,-1.92E-08,9.67E-09
17340,4.89E-20,1179135.086,624061,-1.43E-08,1.43E-08
17400,4.08E-20,1058310.004,601886,-5.03E-09,1.37E-08
17460,4.08E-20,944010.1423,598549,-5.23E-09,1.71E-08
17520,4.08E-20,836241.3034,595223,9.84E-09,1.69E-08
17580,3.79E-20,862271.398,594331,1.54E-08,1.41E-08
17640,4.35E-20,888700.688,593999,1.34E-08,1.61E-08
17700,4.90E-20,915529.1735,593669,1.04E-08,1.68E-08
17760,4.53E-20,942755.6939,592631,-5.85E-09,1.65E-08
17820,4.17E-20,970381.4097,591597,3.43E-09,1.80E-08
17880,3.04E-20,996488.0941,586990,1.13E-08,1.73E-08
17940,3.77E-20,978456.9939,589667,1.63E-08,1.44E-08
18000,4.50E-20,960590.6778,592343,1.68E-08,1.72E-08
18060,4.50E-20,942887.9854,596372,1.17E-08,1.52E-08
18120,4.50E-20,925351.2376,600379,-1.76E-08,1.03E-08
18180,3.93E-20,993720.4166,602824,-1.82E-08,-1.11E-09
18240,3.88E-20,927166.1842,596354,-2.04E-08,-1.68E-10
18300,3.84E-20,862917.7697,589870,-2.13E-08,4.07E-09
18360,4.13E-20,882910.0335,595557,-2.14E-08,-2.69E-09
18420,4.42E-20,903129.7459,601243,-2.06E-08,-3.94E-10
18480,3.61E-20,723799.3251,603007,-1.82E-08,-1.73E-10
18540,3.61E-20,765167.1113,598701,-1.75E-08,2.71E-09
18600,3.60E-20,807684.9052,594405,-1.98E-08,-1.56E-11
18660,3.18E-20,717246.2537,590937,-2.09E-08,-6.25E-10
18720,2.77E-20,632175.8523,587470,-2.07E-08,-4.26E-11
18780,2.66E-20,619785.7083,591537,-2.26E-08,-7.15E-10
18840,2.68E-20,629267.76,586408,-2.48E-08,-5.29E-10
18900,2.71E-20,638821.7598,581274,-2.45E-08,-2.36E-09
18960,2.75E-20,658299.9435,578897,-2.47E-08,-4.91E-09
19020,2.80E-20,678069.4005,576516,-2.51E-08,-5.17E-09
19080,3.09E-20,763318.5115,579110,-2.47E-08,-5.10E-09
19140,3.03E-20,743116.2059,582522,-2.43E-08,-4.85E-09
19200,2.98E-20,723185.4461,585932,-2.42E-08,-3.27E-09
19260,3.09E-20,718471.6908,590377,-2.43E-08,-2.64E-09
19320,3.15E-20,738048.5129,594498,-2.35E-08,-1.98E-09
19380,3.21E-20,757887.5971,598620,-2.30E-08,-1.01E-09
19440,3.08E-20,677380.0922,590329,-2.29E-08,-1.45E-09
19500,2.95E-20,601391.3866,582031,-2.19E-08,-1.47E-10
19560,3.07E-20,633417.5357,575948,-2.30E-08,-2.54E-09
19620,3.19E-20,627206.7976,578385,-2.24E-08,-5.60E-09
19680,3.31E-20,621026.2313,580822,-2.22E-08,-6.51E-09
19740,3.19E-20,659584.5636,581883,-2.20E-08,-5.34E-09
19800,3.06E-20,699304.5082,582949,-2.22E-08,-4.69E-09
19860,3.55E-20,759191.9449,594154,-2.35E-08,-1.66E-09
19920,3.04E-20,717744.0875,592188,-2.30E-08,-1.49E-09
19980,2.53E-20,677459.0029,590231,-2.15E-08,3.22E-10
20040,2.96E-20,663173.8411,587533,-2.34E-08,-4.86E-09
20100,3.39E-20,649040.6985,584813,-2.33E-08,-1.70E-09
20160,3.06E-20,720000.0059,579036,-2.12E-08,2.47E-09
20220,3.03E-20,671512.8478,580245,-2.26E-08,9.38E-10
20280,3.00E-20,624715.3076,581464,-2.36E-08,-2.54E-09
20340,2.79E-20,653462.0199,579555,-2.35E-08,-4.01E-09
20400,2.59E-20,682853.9433,577641,-2.36E-08,-1.09E-08
20460,2.34E-20,589022.1307,577053,-2.34E-08,-1.08E-08
20520,2.24E-20,590620.0729,575419,-2.33E-08,-1.16E-08
20580,2.15E-20,592219.1755,573784,-2.28E-08,-1.37E-08
20640,2.05E-20,593820.599,572149,-2.37E-08,-1.27E-08
20700,2.04E-20,592389.7619,571752,-2.46E-08,-1.46E-08
20760,2.02E-20,590961.2457,571348,-2.50E-08,-1.47E-08
20820,2.12E-20,680407.7109,577090,-2.46E-08,-1.51E-08
20880,2.22E-20,776155.4295,582827,-2.41E-08,-1.59E-08
20940,2.82E-20,684499.464,578813,-2.39E-08,-1.66E-08
21000,2.84E-20,686601.0423,580388,-2.22E-08,-1.36E-08
21060,2.86E-20,688704.9414,581955,-1.99E-08,-1.49E-08
21120,2.82E-20,758422.5653,586327,-2.04E-08,-1.55E-08
21180,2.79E-20,831498.5369,590684,-2.03E-08,-1.47E-08
21240,2.65E-20,762537.5275,588457,-1.91E-08,-1.65E-08
21300,2.51E-20,696562.3606,586248,-2.03E-08,-1.46E-08
21360,2.37E-20,633570.7153,584059,-1.90E-08,-1.65E-08
21420,2.29E-20,573639.1815,585197,-1.60E-08,-2.10E-08
21480,2.21E-20,516684.2066,586335,-1.54E-08,-2.34E-08
21540,2.03E-20,532469.8326,588861,-1.82E-08,-2.21E-08
21600,1.95E-20,506965.4227,584287,-1.76E-08,-2.26E-08
21660,1.87E-20,482086.4963,579712,-1.26E-08,-2.49E-08
21720,1.98E-20,504844.1167,580151,-1.54E-08,-2.45E-08
21780,2.08E-20,528127.4219,580581,-1.62E-08,-2.41E-08
21840,2.18E-20,568259.3269,579752,-1.66E-08,-2.35E-08
21900,2.27E-20,572599.4167,580495,-1.82E-08,-2.13E-08
21960,2.37E-20,576956.9132,581229,-1.88E-08,-2.00E-08
22020,2.20E-20,576524.0647,583087,-1.85E-08,-1.87E-08
22080,2.02E-20,576091.2162,584948,-1.68E-08,-2.00E-08
22140,2.02E-20,575658.3677,584695,-1.54E-08,-2.10E-08
22200,2.02E-20,575226.6796,584439,-1.26E-08,-2.29E-08
22260,2.02E-20,574793.8311,584180,-1.29E-08,-2.24E-08
22320,2.02E-20,574362.143,583917,-1.13E-08,-2.29E-08
22380,2.02E-20,573929.2945,583651,-1.16E-08,-2.28E-08
22440,2.02E-20,573497.6064,583382,-1.56E-08,-2.22E-08
22500,2.00E-20,540258.7851,580534,-1.45E-08,-2.22E-08
22560,1.99E-20,508012.1502,577687,-9.25E-09,-2.58E-08
22620,1.94E-20,476757.7015,576140,-1.32E-08,-2.40E-08
22680,1.97E-20,486070.3273,575807,-1.07E-08,-2.57E-08
22740,1.99E-20,495472.3079,575472,-9.91E-09,-2.65E-08
22800,2.08E-20,495345.8187,574865,-1.27E-08,-2.61E-08
22860,2.16E-20,495219.3294,574273,-1.53E-08,-2.46E-08
22920,3.21E-20,283496.0568,568710,-1.82E-08,-2.23E-08
22980,3.10E-20,276051.7584,571758,-2.67E-08,-1.00E-08
23040,2.99E-20,268707.2589,574790,-2.89E-08,-1.38E-09
23100,2.89E-20,261461.3978,577808,-2.90E-08,-5.86E-09
23160,2.78E-20,254315.3355,580811,-2.77E-08,-9.87E-09
23220,2.90E-20,301361.2124,574921,-2.63E-08,-1.39E-08
23280,2.81E-20,280232.8663,572638,-2.60E-08,-1.41E-08
23340,2.72E-20,259872.7392,570373,-2.58E-08,-1.38E-08
23400,2.76E-20,272193.2561,571091,-2.49E-08,-1.59E-08
23460,2.79E-20,284799.2442,571813,-3.19E-08,7.09E-10
23520,2.94E-20,264634.073,575481,-3.14E-08,-5.10E-09
23580,3.06E-20,278923.8766,578377,-3.08E-08,-5.63E-09
23640,3.18E-20,293589.6666,581258,-2.98E-08,-6.54E-09
23700,2.53E-20,186434.7068,577391,-2.80E-08,-9.67E-09
23760,4.16E-20,212894.1685,572187,-2.65E-08,-1.40E-08
23820,5.79E-20,241109.3939,567002,-2.29E-08,-1.82E-08
23880,5.82E-20,241879.9339,564936,-1.74E-08,-2.13E-08
23940,5.85E-20,242652.7948,562875,-1.92E-08,-1.83E-08
24000,5.17E-20,255749.6539,567397,-2.10E-08,-1.69E-08
24060,4.13E-20,274522.2829,569033,-2.12E-08,-1.65E-08
24120,3.08E-20,293959.8508,570669,-2.30E-08,-1.55E-08
24180,3.26E-20,315492.0341,564414,-2.85E-08,-1.14E-08
24240,3.45E-20,337786.6343,558161,-2.81E-08,-1.41E-08
24300,2.69E-20,266319.049,574540,-2.75E-08,-1.46E-08
24360,3.67E-20,292893.3955,567961,-2.77E-08,-1.52E-08
24420,4.65E-20,320730.3136,561394,-2.73E-08,-1.64E-08
24480,4.98E-20,262041.6237,563289,-2.40E-08,-1.78E-08
24540,5.32E-20,209277.0402,565174,-1.96E-08,-2.15E-08
24600,7.29E-20,152209.5015,562613,-1.72E-08,-2.28E-08
24660,7.40E-20,142581.2328,562324,-1.74E-08,-2.15E-08
24720,7.52E-20,133268.607,562034,-1.84E-08,-1.97E-08
24780,7.55E-20,136033.9637,564998,-2.22E-08,-1.45E-08
24840,7.58E-20,138827.1712,567953,-2.34E-08,-1.35E-08
24900,4.09E-20,77151.8264,601394,-2.61E-08,-1.07E-08
24960,4.14E-20,67523.90586,603120,-2.76E-08,9.50E-09
25020,4.19E-20,58537.48307,604847,-2.62E-08,1.54E-08
25080,4.63E-20,73958.61115,593961,-2.74E-08,1.43E-08
25140,4.62E-20,70897.68741,593055,-2.78E-08,1.31E-08
25200,4.62E-20,67901.40083,592149,-3.08E-08,6.44E-09
25260,4.05E-20,64887.24329,591537,-3.09E-08,6.35E-09
25320,3.48E-20,61941.43637,590921,-3.09E-08,6.57E-09
25380,3.26E-20,67012.49474,588888,-3.07E-08,9.01E-09
25440,5.15E-20,85379.08162,582212,-2.93E-08,1.19E-08
25500,7.04E-20,105967.3535,575561,-3.04E-08,9.83E-09
25560,8.02E-20,101840.4387,568832,-3.02E-08,1.35E-09
25620,9.00E-20,97795.56787,562114,-3.01E-08,-2.91E-09
25680,5.12E-20,88663.62442,570225,-2.52E-08,-1.15E-08
25740,5.15E-20,87427.97534,570000,-1.78E-08,-2.02E-08
25800,5.18E-20,86201.02963,569772,-2.05E-08,-2.05E-08
25860,5.31E-20,74713.71715,568575,-2.23E-08,-1.98E-08
25920,5.43E-20,64047.54036,567380,-2.14E-08,-1.99E-08
25980,4.53E-20,69512.68817,566702,-2.38E-08,-1.79E-08
26040,4.19E-20,68062.47154,566249,-2.48E-08,-1.82E-08
26100,3.85E-20,66627.45683,565798,-2.52E-08,-1.77E-08
26160,3.85E-20,63295.45154,566691,-2.44E-08,-1.91E-08
26220,3.84E-20,60048.97155,567582,-2.56E-08,-1.87E-08
26280,3.74E-20,60883.68454,567755,-2.71E-08,-1.72E-08
26340,3.34E-20,75087.49868,566096,-2.74E-08,-1.71E-08
26400,2.94E-20,90779.12808,564440,-2.76E-08,-1.70E-08
26460,3.31E-20,83987.23571,565138,-2.79E-08,-1.66E-08
26520,3.76E-20,91454.74312,561766,-2.82E-08,-1.66E-08
26580,4.21E-20,99240.21433,558390,-2.35E-08,-2.15E-08
26640,3.91E-20,102328.7568,557257,-1.84E-08,-2.43E-08
26700,3.60E-20,105464.5297,556121,-1.53E-08,-2.45E-08
26760,3.37E-20,81043.63365,563070,-1.34E-08,-2.48E-08
26820,3.13E-20,59834.17192,570002,-1.11E-08,-2.52E-08
26880,2.89E-20,41836.14455,576918,-7.19E-09,-2.71E-08
26940,3.25E-20,37795.56738,572457,-7.46E-09,-2.78E-08
27000,3.61E-20,33960.1581,568010,-1.14E-08,-2.63E-08
27060,3.47E-20,38490.44593,563403,-1.52E-08,-2.46E-08
27120,3.34E-20,43304.34818,558805,-2.03E-08,-2.27E-08
27180,3.21E-20,48401.74881,554215,-2.08E-08,-2.22E-08
27240,2.85E-20,48472.30428,554640,-2.35E-08,-2.06E-08
27300,2.48E-20,48543.09184,555062,-2.39E-08,-1.99E-08
27360,2.12E-20,48613.76335,555483,-2.35E-08,-1.96E-08
27420,2.25E-20,42747.44735,555265,-2.56E-08,-1.93E-08
27480,2.38E-20,37258.27819,555049,-2.66E-08,-1.86E-08
27540,2.53E-20,33967.00476,557657,-2.87E-08,-1.56E-08
27600,2.67E-20,30827.86657,560266,-2.88E-08,-1.48E-08
27660,2.38E-20,37557.67476,558587,-2.80E-08,-1.61E-08
27720,2.37E-20,34410.87758,557980,-2.76E-08,-1.67E-08
27780,2.35E-20,31401.70999,557373,-2.80E-08,-1.62E-08
27840,2.61E-20,32863.06695,564518,-2.76E-08,-1.67E-08
27900,2.47E-20,35850.99828,566042,-2.81E-08,-1.59E-08
27960,2.33E-20,38968.78416,567565,-2.87E-08,-1.47E-08
28020,2.83E-20,39626.76034,573994,-2.85E-08,-1.46E-08
28080,3.32E-20,40290.19064,580412,-2.91E-08,-1.33E-08
28140,3.22E-20,33873.00817,591381,-2.74E-08,-1.52E-08
28200,3.25E-20,34204.4332,585976,-2.27E-08,-2.04E-08
28260,3.28E-20,34537.48287,580576,-2.29E-08,-2.02E-08
28320,2.92E-20,35664.16554,577286,-2.26E-08,-2.07E-08
28380,2.57E-20,36808.95125,573994,-2.35E-08,-1.99E-08
28440,3.07E-20,34895.36621,576098,-2.16E-08,-2.11E-08
28500,3.55E-20,45164.32034,580385,-2.31E-08,-2.00E-08
28560,4.04E-20,56755.72536,584665,-2.20E-08,-2.02E-08
28620,4.44E-20,66541.81549,584559,-1.90E-08,-2.15E-08
28680,4.84E-20,77105.87251,584455,-1.90E-08,-2.14E-08
28740,4.94E-20,75245.20408,586769,-2.03E-08,-1.95E-08
28800,4.88E-20,75382.02135,585614,-2.01E-08,-1.93E-08
28860,4.82E-20,75518.95466,584459,-2.02E-08,-1.95E-08
28920,4.76E-20,75612.13894,583977,-2.03E-08,-1.99E-08
28980,4.70E-20,75705.43927,583496,-2.01E-08,-2.00E-08
29040,5.43E-20,81834.82969,581188,-1.99E-08,-2.03E-08
29100,5.55E-20,83228.88045,580240,-1.97E-08,-2.02E-08
29160,5.66E-20,84634.65178,579288,-1.94E-08,-1.99E-08
29220,5.49E-20,80183.62281,577972,-1.86E-08,-2.05E-08
29280,5.12E-20,81507.46624,575237,-1.91E-08,-2.01E-08
29340,4.74E-20,82842.10186,572505,-1.94E-08,-2.01E-08
29400,4.52E-20,82107.884,572358,-2.00E-08,-2.00E-08
29460,4.31E-20,81376.79936,572209,-2.09E-08,-1.97E-08
29520,4.47E-20,77836.72506,573111,-2.00E-08,-2.03E-08
29580,4.47E-20,77806.55332,572850,-1.90E-08,-2.04E-08
29640,4.47E-20,77776.38157,572591,-1.86E-08,-2.07E-08
29700,4.47E-20,77746.20982,572333,-1.88E-08,-2.09E-08
29760,4.47E-20,77716.03808,572076,-1.92E-08,-2.00E-08
29820,4.42E-20,78910.72322,568601,-2.01E-08,-2.03E-08
29880,4.32E-20,80084.63627,567919,-1.94E-08,-2.05E-08
29940,4.22E-20,81267.36876,567236,-1.83E-08,-2.12E-08
30000,4.18E-20,80884.88384,564989,-1.77E-08,-2.14E-08
30060,4.14E-20,80503.44333,562741,-1.65E-08,-2.17E-08
30120,4.28E-20,82978.33891,556192,-1.57E-08,-2.18E-08
30180,4.02E-20,85691.01106,559092,-1.88E-08,-1.94E-08
30240,3.77E-20,88447.43225,561990,-2.06E-08,-1.81E-08
30300,3.34E-20,150646.3729,569493,-1.70E-08,-2.06E-08
30360,2.90E-20,229311.0803,576995,-1.70E-08,-2.03E-08
30420,4.52E-20,185458.7668,576618,-3.30E-09,-2.29E-08
30480,4.63E-20,189577.2103,576822,2.23E-09,-2.09E-08
30540,4.75E-20,193740.9114,577025,5.82E-09,-1.83E-08
30600,4.57E-20,209979.1136,578278,8.31E-09,-1.69E-08
30660,4.38E-20,205500.93,578276,7.11E-09,-1.75E-08
30720,4.19E-20,201071.4855,578274,5.20E-09,-1.83E-08
30780,4.37E-20,202312.0085,578200,4.13E-09,-1.85E-08
30840,4.55E-20,203557.1732,578125,3.04E-09,-1.94E-08
30900,5.08E-20,243009.0535,581946,1.46E-09,-1.97E-08
30960,4.88E-20,234498.2999,584637,7.39E-10,-1.87E-08
31020,4.69E-20,226139.5655,587326,1.83E-09,-1.76E-08
31080,4.49E-20,217931.6898,590014,3.97E-09,-1.45E-08
31140,4.29E-20,209875.8334,592700,1.22E-09,-1.56E-08
31200,4.10E-20,201971.9961,595385,-1.89E-10,-1.62E-08
31260,3.90E-20,194220.178,598067,-1.60E-09,-1.69E-08
31320,3.70E-20,186619.2186,600749,-3.01E-09,-1.75E-08
31380,3.51E-20,179170.2784,603429,-4.42E-09,-1.81E-08
31440,3.31E-20,171873.3574,606107,-5.83E-09,-1.87E-08
31500,3.11E-20,164727.2952,608784,-7.24E-09,-1.93E-08
31560,2.92E-20,157734.4125,611460,3.94E-09,-1.85E-08
31620,2.72E-20,150892.3887,614134,4.49E-09,-1.92E-08
31680,2.52E-20,144201.2235,616806,5.05E-09,-2.00E-08
31740,2.33E-20,137663.238,619477,5.61E-09,-2.02E-08
31800,2.57E-20,125578.2928,601429,6.72E-09,-1.89E-08
31860,2.53E-20,129589.9747,599345,7.83E-09,-1.77E-08
31920,2.49E-20,133663.1606,597262,8.92E-09,-1.78E-08
31980,2.45E-20,137801.3318,595181,8.99E-09,-1.78E-08
32040,2.41E-20,142001.0069,593103,8.57E-09,-1.84E-08
32100,2.37E-20,146264.5068,591027,6.87E-09,-1.87E-08
32160,2.36E-20,150054.5425,589439,5.16E-09,-1.90E-08
32220,2.36E-20,153893.317,587852,5.36E-09,-1.87E-08
32280,2.36E-20,157779.6702,586267,9.66E-09,-2.00E-08
32340,2.36E-20,161715.9227,584684,1.22E-08,-1.97E-08
32400,2.36E-20,165699.7538,583101,6.36E-09,-2.03E-08
32460,2.36E-20,169732.3238,581521,6.56E-09,-2.15E-08
32520,2.36E-20,173813.6329,579941,5.06E-09,-2.22E-08
32580,2.36E-20,177942.5204,578363,7.39E-09,-2.16E-08
32640,2.35E-20,180205.4014,578599,6.53E-09,-2.00E-08
32700,2.34E-20,182482.2079,578832,6.30E-09,-1.86E-08
32760,2.30E-20,176975.864,574926,6.96E-09,-1.96E-08
32820,2.25E-20,171553.0727,571022,4.88E-09,-1.97E-08
32880,2.32E-20,178516.944,573029,2.62E-09,-2.03E-08
32940,2.23E-20,178428.7497,573370,1.07E-09,-2.02E-08
33000,2.15E-20,178340.5554,573710,2.75E-09,-2.03E-08
33060,2.06E-20,178251.2006,574050,5.89E-09,-2.00E-08
33120,1.98E-20,178163.0062,574391,7.21E-09,-2.05E-08
33180,1.89E-20,178073.6515,574730,5.29E-09,-2.03E-08
33240,1.88E-20,189041.0815,571578,3.37E-09,-2.01E-08
33300,1.87E-20,200335.759,568433,-3.03E-10,-1.91E-08
33360,1.86E-20,211958.8444,565294,-1.87E-09,-1.89E-08
33420,1.85E-20,223909.1771,562163,-1.87E-09,-1.90E-08
33480,1.84E-20,236186.7573,559039,-2.39E-09,-1.86E-08
33540,1.84E-20,230783.6937,561108,-3.02E-09,-1.79E-08
33600,1.84E-20,225443.2944,563176,-2.90E-09,-1.86E-08
33660,1.84E-20,220164.3991,565244,-2.74E-09,-1.81E-08
33720,1.85E-20,214949.3287,567311,1.97E-10,-1.79E-08
33780,1.85E-20,209795.7622,569378,-1.62E-09,-1.85E-08
33840,1.85E-20,204706.0205,571444,-1.84E-09,-1.85E-08
33900,1.85E-20,199677.7828,573509,-1.49E-09,-1.77E-08
33960,1.85E-20,194712.2095,575574,-4.63E-09,-1.84E-08
34020,1.85E-20,189809.3006,577638,-2.58E-09,-2.01E-08
34080,1.86E-20,184969.0561,579701,-4.76E-09,-1.97E-08
34140,1.86E-20,180190.3156,581764,-1.85E-09,-1.98E-08
34200,1.86E-20,175475.3998,583827,1.07E-09,-1.99E-08
34260,1.86E-20,170821.9881,585889,3.98E-09,-2.00E-08
34320,1.89E-20,160381.4031,586950,-9.67E-09,-1.68E-08
34380,1.93E-20,150270.3865,588007,-1.02E-08,-1.41E-08
34440,2.20E-20,146161.2266,586304,-7.24E-09,-1.63E-08
34500,2.47E-20,142108.9289,584599,-9.27E-09,-1.86E-08
34560,1.41E-20,148321.9879,576472,-9.28E-09,-1.94E-08
34620,1.49E-20,142542.9379,574645,-8.06E-09,-1.75E-08
34680,1.57E-20,136878.7726,572817,-6.83E-09,-1.57E-08
34740,1.67E-20,118834.9074,574949,-8.73E-09,-1.74E-08
34800,1.77E-20,102065.4503,577077,-8.27E-09,-1.94E-08
34860,1.68E-20,108486.2302,575295,-1.03E-08,-1.77E-08
34920,1.59E-20,115102.8943,573515,-1.12E-08,-1.77E-08
34980,1.50E-20,121915.9069,571736,-1.10E-08,-1.82E-08
35040,1.41E-20,128923.8754,569959,-9.66E-09,-2.07E-08
35100,1.20E-20,148348.6783,569266,-7.33E-09,-2.23E-08
35160,9.83E-21,169137.0121,568579,-1.09E-08,-1.90E-08
35220,9.88E-21,153487.1589,572298,-1.39E-08,-1.68E-08
35280,9.93E-21,138597.4017,576019,-1.46E-08,-1.54E-08
35340,8.93E-21,149581.0781,574738,-1.62E-08,-1.35E-08
35400,8.45E-21,165681.1866,571896,-1.38E-08,-1.39E-08
35460,7.97E-21,182605.2158,569053,-1.29E-08,-1.54E-08
35520,7.50E-21,200352.0053,566209,-1.17E-08,-1.64E-08
35580,7.02E-21,218921.5552,563363,-1.23E-08,-1.59E-08
35640,2.14E-20,116103.2038,579554,-1.28E-08,-1.54E-08
35700,2.43E-20,117152.2522,570646,-1.51E-08,-1.21E-08
35760,2.72E-20,118207.1029,561733,-1.34E-08,-1.28E-08
35820,3.01E-20,119266.5954,552816,-8.09E-09,-1.45E-08
35880,3.29E-20,120330.7297,543894,-9.42E-09,-1.66E-08
35940,3.58E-20,121399.5059,534968,-7.26E-09,-1.76E-08
36000,3.31E-20,142930.5288,537457,-9.22E-10,-2.18E-08
36060,3.03E-20,166219.6362,539946,4.54E-09,-2.36E-08
36120,3.25E-20,169840.2458,547371,3.95E-09,-2.35E-08
36180,3.46E-20,173499.1504,554797,4.91E-09,-2.22E-08
36240,2.41E-20,218010.6006,558271,3.94E-09,-2.15E-08
36300,2.22E-20,195384.1111,561880,5.25E-09,-2.10E-08
36360,2.03E-20,173995.8238,565488,1.56E-09,-2.25E-08
36420,1.64E-20,337495.3609,555375,-1.35E-09,-2.24E-08
36480,2.00E-20,254195.809,551992,-3.88E-09,-2.25E-08
36540,2.36E-20,182680.6451,548605,-3.82E-09,-2.26E-08
36600,2.02E-20,230130.3593,545666,-3.20E-09,-2.35E-08
36660,1.67E-20,283051.6037,542733,-2.79E-09,-2.33E-08
36720,2.01E-20,237965.7299,545960,-2.58E-09,-2.31E-08
36780,2.01E-20,183844.5783,549366,-3.53E-09,-2.27E-08
36840,2.00E-20,136697.7421,552771,-3.06E-09,-2.32E-08
36900,2.00E-20,96522.32014,556174,-5.01E-09,-2.24E-08
36960,1.99E-20,63320.16917,559576,-6.10E-09,-2.15E-08
37020,3.35E-20,255989.8675,545696,-3.10E-09,-2.14E-08
37080,3.97E-20,236640.494,547459,-9.31E-10,-2.21E-08
37140,4.60E-20,218051.2164,549223,-3.67E-09,-2.11E-08
37200,4.80E-20,210906.3146,550017,-4.55E-09,-2.09E-08
37260,5.01E-20,203880.9393,550811,-4.09E-09,-1.80E-08
37320,5.22E-20,196973.9301,551605,-2.89E-09,-1.91E-08
37380,5.42E-20,190185.287,552398,-2.30E-09,-2.05E-08
37440,5.63E-20,183517.3309,553192,-4.04E-10,-2.02E-08
37500,5.36E-20,181246.3267,553270,-1.73E-09,-2.04E-08
37560,5.09E-20,178989.2479,553350,-2.19E-09,-1.99E-08
37620,4.77E-20,189168.7312,551674,-1.96E-09,-1.99E-08
37680,4.46E-20,199630.2043,550000,-1.59E-09,-1.92E-08
37740,4.14E-20,210372.5067,548325,-3.69E-09,-2.05E-08
37800,3.82E-20,221396.799,546651,-1.05E-09,-1.94E-08
37860,3.82E-20,199336.61,549245,-1.11E-09,-2.02E-08
37920,3.81E-20,178434.552,551839,-4.07E-09,-1.87E-08
37980,3.77E-20,172386.2771,549341,-5.81E-09,-1.82E-08
38040,3.72E-20,166441.2825,546845,-5.96E-09,-1.85E-08
38100,3.67E-20,160600.7285,544349,-9.24E-09,-1.72E-08
38160,3.20E-20,193027.2335,544815,-1.11E-08,-1.63E-08
38220,2.73E-20,228431.4578,545283,-1.30E-08,-1.53E-08
38280,2.80E-20,200030.5602,544812,-1.51E-08,-1.43E-08
38340,2.88E-20,173514.2363,544342,-1.34E-08,-1.59E-08
38400,3.48E-20,166226.5989,545522,-1.27E-08,-1.57E-08
38460,3.72E-20,189188.4589,545461,-1.36E-08,-1.46E-08
38520,3.97E-20,213634.5368,545402,-1.05E-08,-1.62E-08
38580,3.28E-20,215267.2925,540232,-7.76E-09,-1.78E-08
38640,2.59E-20,216905.8504,535062,-5.69E-09,-1.85E-08
38700,2.51E-20,215273.0947,534094,-7.03E-09,-1.98E-08
38760,2.44E-20,213647.3018,533130,-7.98E-09,-2.08E-08
38820,2.37E-20,212027.311,532169,-1.21E-08,-1.58E-08
38880,2.29E-20,204251.1234,533186,-1.34E-08,-1.65E-08
38940,2.21E-20,196619.9923,534201,-1.60E-08,-1.48E-08
39000,2.13E-20,189133.9177,535216,-1.46E-08,-1.66E-08
39060,2.05E-20,181794.06,536229,-1.55E-08,-1.66E-08
39120,1.98E-20,174599.2587,537242,-7.90E-09,-2.04E-08
39180,1.42E-20,263141.732,527106,-8.21E-09,-1.98E-08
39240,1.48E-20,229774.1006,534578,-1.03E-08,-1.91E-08
39300,1.54E-20,198667.0293,542051,-1.11E-08,-1.92E-08
39360,2.21E-20,119896.7208,541811,-1.32E-08,-1.86E-08
39420,2.88E-20,60910.72307,541575,-9.99E-09,-1.93E-08
39480,2.86E-20,62513.88725,537539,-1.53E-08,-1.65E-08
39540,2.83E-20,64137.93956,533503,-1.42E-08,-1.77E-08
39600,2.81E-20,65782.88,529469,-1.43E-08,-1.72E-08
39660,2.78E-20,67448.47649,525436,-1.76E-08,-1.47E-08
39720,2.76E-20,69135.07715,521405,-1.73E-08,-1.48E-08
39780,2.66E-20,46399.73734,539092,-2.00E-08,-1.09E-08
39840,2.78E-20,50587.80793,536875,-2.01E-08,-1.16E-08
39900,2.91E-20,54956.79296,534658,-1.76E-08,-1.51E-08
39960,2.86E-20,53321.8324,535363,-1.72E-08,-1.54E-08
40020,2.82E-20,51711.47342,536067,-1.83E-08,-1.45E-08
40080,2.81E-20,48966.30861,524307,-1.76E-08,-1.53E-08
40140,2.73E-20,48994.50759,526111,-1.79E-08,-1.47E-08
40200,2.65E-20,49022.70657,527917,-1.80E-08,-1.43E-08
40260,2.57E-20,49050.90555,529724,-1.76E-08,-1.53E-08
40320,2.48E-20,49079.10453,531534,-1.71E-08,-1.55E-08
40380,2.17E-20,59141.61428,529230,-1.65E-08,-1.60E-08
40440,1.84E-20,109894.0903,541753,-1.69E-08,-1.55E-08
40500,1.51E-20,176244.7794,554272,-1.70E-08,-1.55E-08
40560,1.76E-20,117081.4647,557796,-1.65E-08,-1.53E-08
40620,2.01E-20,69974.54799,561322,-1.54E-08,-1.53E-08
40680,2.18E-20,58509.51618,572207,-1.77E-08,-1.37E-08
40740,2.62E-20,69241.0264,570042,-1.44E-08,-1.59E-08
40800,3.07E-20,80875.71627,567877,-1.60E-08,-1.48E-08
40860,2.31E-20,52447.31591,569579,-1.92E-08,-1.03E-08
40920,2.29E-20,52549.20358,568356,-1.43E-08,-1.62E-08
40980,2.27E-20,52651.2073,567134,-1.14E-08,-1.82E-08
41040,2.25E-20,52753.21101,565914,-1.81E-08,-1.35E-08
41100,2.23E-20,52855.44682,564694,-1.79E-08,-1.38E-08
41160,2.22E-20,52957.68262,563475,-1.77E-08,-1.41E-08
41220,2.20E-20,53060.03447,562257,-1.75E-08,-1.44E-08
41280,2.18E-20,53162.50237,561040,-1.74E-08,-1.46E-08
41340,2.16E-20,53265.08631,559823,-1.73E-08,-1.47E-08
41400,2.15E-20,53367.67025,558608,-1.73E-08,-1.51E-08
41460,2.01E-20,49714.91608,558752,-1.92E-08,-1.37E-08
41520,2.18E-20,51094.34515,557045,-1.86E-08,-1.44E-08
41580,2.34E-20,52492.68958,555340,-1.91E-08,-1.48E-08
41640,2.06E-20,53502.16661,557938,-2.02E-08,-1.41E-08
41700,1.78E-20,54521.27539,560537,-2.00E-08,-1.37E-08
41760,2.19E-20,69719.24859,545911,-1.99E-08,-1.34E-08
41820,2.08E-20,70257.58219,548739,-1.91E-08,-1.55E-08
41880,1.98E-20,70797.88855,551566,-1.91E-08,-1.57E-08
41940,1.99E-20,70375.71618,552377,-1.90E-08,-1.59E-08
42000,2.00E-20,69954.70427,553189,-1.87E-08,-1.47E-08
42060,2.00E-20,69535.08489,554001,-1.81E-08,-1.41E-08
42120,2.01E-20,69116.62597,554813,-1.78E-08,-1.45E-08
42180,2.02E-20,68699.55959,555626,-1.76E-08,-1.50E-08
42240,2.02E-20,68283.65366,556440,-1.73E-08,-1.54E-08
42300,2.03E-20,67869.02422,557253,-1.82E-08,-1.43E-08
42360,2.04E-20,67455.67129,558067,-1.83E-08,-1.40E-08
42420,2.04E-20,67043.59485,558882,-1.75E-08,-1.42E-08
42480,2.05E-20,66632.79491,559696,-1.66E-08,-1.43E-08
42540,2.06E-20,66223.15542,560512,-1.58E-08,-1.45E-08
42600,2.06E-20,65814.90847,561328,-1.51E-08,-1.51E-08
42660,2.07E-20,65407.82198,562144,-1.31E-08,-1.52E-08
42720,2.03E-20,65762.22396,561039,-1.10E-08,-1.52E-08
42780,1.98E-20,66117.43826,559935,-1.17E-08,-1.45E-08
42840,1.93E-20,66473.69697,558833,-1.18E-08,-1.40E-08
42900,2.01E-20,61629.9711,556470,-1.26E-08,-1.32E-08
42960,2.08E-20,56969.59663,554108,-1.23E-08,-1.43E-08
43020,1.85E-20,52606.06572,556665,-1.21E-08,-1.42E-08
43080,1.63E-20,48416.3705,559221,-1.18E-08,-1.39E-08
43140,1.56E-20,48371.80915,557944,-1.36E-08,-1.21E-08
43200,1.48E-20,48327.2478,556666,-1.25E-08,-1.27E-08
43260,1.41E-20,48282.8025,555388,-1.17E-08,-1.20E-08
43320,1.34E-20,48238.24115,554109,-1.04E-08,-1.37E-08
43380,1.27E-20,48193.79584,552830,-9.12E-09,-1.53E-08
43440,1.26E-20,48406.62271,553941,-8.63E-09,-1.57E-08
43500,1.49E-20,37470.40878,557366,-8.35E-09,-1.60E-08
43560,1.72E-20,27932.42325,560794,-5.76E-09,-1.65E-08
43620,1.60E-20,27068.46688,560139,-1.30E-09,-1.73E-08
43680,1.66E-20,35486.03619,561453,-1.44E-09,-1.70E-08
43740,1.71E-20,45041.66059,562768,-9.16E-10,-1.73E-08
43800,1.71E-20,46655.03674,561656,-2.66E-09,-1.67E-08
43860,1.72E-20,48296.96001,560545,-6.01E-09,-1.53E-08
43920,1.73E-20,49967.08226,559435,-5.90E-09,-1.55E-08
43980,1.73E-20,119634.4587,549591,-7.32E-09,-1.42E-08
44040,1.74E-20,219240.6795,539738,-1.12E-08,-9.89E-09
44100,1.78E-20,231723.6596,542113,-1.50E-08,-5.62E-09
44160,1.83E-20,244552.4544,544490,-1.39E-08,-7.08E-09
44220,2.24E-20,192080.3048,545995,-9.24E-09,-1.02E-08
44280,2.29E-20,191031.2564,550286,-1.04E-08,-9.94E-09
44340,2.34E-20,189984.5289,554577,-9.76E-09,-1.01E-08
44400,2.28E-20,187256.3066,553480,-9.03E-09,-1.03E-08
44460,2.22E-20,184548.9726,552381,-7.09E-09,-1.13E-08
44520,1.62E-20,163670.1236,558018,-7.65E-09,-1.12E-08
44580,1.59E-20,168832.9737,557012,-7.97E-09,-1.26E-08
44640,1.56E-20,174075.895,556006,-7.55E-09,-1.26E-08
44700,1.60E-20,175049.514,556416,-7.70E-09,-1.29E-08
44760,1.64E-20,176027.7749,556826,-6.65E-09,-1.32E-08
44820,1.66E-20,161703.1577,560487,-6.39E-09,-1.31E-08
44880,1.59E-20,162579.2989,564235,-6.29E-09,-1.33E-08
44940,1.51E-20,163457.7609,567982,-6.41E-09,-1.32E-08
45000,1.67E-20,162464.4141,564613,-6.28E-09,-1.34E-08
45060,1.71E-20,170302.1057,559960,-6.33E-09,-1.36E-08
45120,1.76E-20,178323.1486,555309,-6.14E-09,-1.36E-08
45180,1.84E-20,173315.799,556447,-5.93E-09,-1.36E-08
45240,1.92E-20,168380.3975,557587,-5.25E-09,-1.37E-08
45300,1.77E-20,157800.5583,551124,-5.36E-09,-1.37E-08
45360,1.80E-20,157410.6465,551025,-5.47E-09,-1.37E-08
45420,1.83E-20,157021.8951,550927,-5.11E-09,-1.40E-08
45480,1.83E-20,156719.0172,550582,-4.60E-09,-1.41E-08
45540,1.84E-20,156416.1393,550238,-4.16E-09,-1.42E-08
45600,1.65E-20,139010.5226,550620,-4.64E-09,-1.41E-08
45660,1.46E-20,122631.9057,551005,-6.88E-09,-1.36E-08
45720,1.27E-20,107280.1726,551392,-6.83E-09,-1.40E-08
45780,1.29E-20,127422.2508,550710,-4.72E-09,-1.39E-08
45840,1.31E-20,149295.607,550025,-2.61E-09,-1.38E-08
45900,1.31E-20,137735.186,545970,-4.29E-09,-1.40E-08
45960,1.30E-20,126640.1062,541917,-5.47E-09,-1.44E-08
46020,1.29E-20,116010.9479,537866,-5.77E-09,-1.40E-08
46080,1.29E-20,105847.7109,533816,-4.34E-09,-1.50E-08
46140,1.28E-20,96150.27929,529769,-2.91E-09,-1.60E-08
46200,1.11E-20,97857.18786,560740,-1.94E-09,-1.60E-08
46260,1.09E-20,86934.08704,558625,-4.51E-09,-1.50E-08
46320,1.06E-20,76657.24184,556512,-6.05E-09,-1.44E-08
46380,1.13E-20,81455.36195,545691,-5.72E-09,-1.50E-08
46440,1.31E-20,86963.33043,551234,-5.53E-09,-1.53E-08
46500,1.49E-20,92651.51708,556779,-5.10E-09,-1.57E-08
46560,1.49E-20,100571.0205,554609,-4.60E-09,-1.55E-08
46620,1.48E-20,108815.2183,552433,-4.83E-09,-1.46E-08
46680,1.53E-20,104300.5965,552253,-4.85E-09,-1.45E-08
46740,1.57E-20,106964.0655,548296,-4.17E-09,-1.48E-08
46800,1.61E-20,109661.1876,544341,-3.71E-09,-1.50E-08
46860,1.63E-20,110581.7741,551347,-4.86E-09,-1.42E-08
46920,1.66E-20,111506.19,558354,-2.70E-09,-1.58E-08
46980,1.80E-20,114026.1111,556733,-3.79E-09,-1.52E-08
47040,1.67E-20,109791.6224,557684,-4.08E-09,-1.53E-08
47100,1.54E-20,105637.2049,558637,-3.76E-09,-1.52E-08
47160,1.55E-20,102315.0635,561265,-3.57E-09,-1.50E-08
47220,1.56E-20,99045.9547,563893,-4.05E-09,-1.52E-08
47280,1.54E-20,89492.41911,557736,-4.30E-09,-1.50E-08
47340,1.52E-20,87636.97271,556393,-3.33E-09,-1.57E-08
47400,1.50E-20,85801.02189,555049,-2.00E-09,-1.63E-08
47460,1.60E-20,97183.31349,557996,-2.29E-09,-1.61E-08
47520,1.64E-20,95740.98794,559624,-1.48E-09,-1.62E-08
47580,1.68E-20,94309.22249,561251,-1.53E-09,-1.61E-08
47640,1.65E-20,98820.94309,560261,-9.78E-10,-1.60E-08
47700,1.62E-20,103438.0327,559270,-2.82E-10,-1.59E-08
47760,1.62E-20,97935.6344,554279,2.37E-10,-1.58E-08
47820,1.62E-20,101487.3132,556937,1.31E-10,-1.59E-08
47880,1.62E-20,105102.2367,559597,-2.03E-11,-1.59E-08
47940,1.59E-20,103111.5976,558670,-2.63E-10,-1.60E-08
48000,1.55E-20,101139.8739,557744,-9.31E-10,-1.62E-08
48060,1.56E-20,97699.71455,554654,-3.49E-09,-1.58E-08
48120,1.52E-20,91315.25682,551110,-3.61E-09,-1.55E-08
48180,1.47E-20,85146.52707,547563,-3.04E-09,-1.59E-08
48240,1.42E-20,85885.73488,549243,-4.33E-09,-1.55E-08
48300,1.36E-20,86628.19195,550923,-7.73E-09,-1.41E-08
48360,1.29E-20,81871.96415,551476,-6.00E-09,-1.51E-08
48420,1.31E-20,82184.35778,551366,-5.99E-09,-1.53E-08
48480,1.32E-20,82497.44768,551254,-6.62E-09,-1.51E-08
48540,1.38E-20,88677.08567,547613,-6.85E-09,-1.49E-08
48600,1.44E-20,95079.99458,543975,-6.46E-09,-1.49E-08
48660,1.37E-20,85075.04324,550079,-6.04E-09,-1.52E-08
48720,1.45E-20,91221.26022,547025,-6.41E-09,-1.50E-08
48780,1.52E-20,97581.81265,543973,-4.31E-09,-1.57E-08
48840,1.57E-20,103578.4474,545403,-1.68E-09,-1.64E-08
48900,1.62E-20,109754.0238,546835,-9.30E-10,-1.62E-08
48960,1.62E-20,107453.7762,546726,-8.83E-11,-1.61E-08
49020,1.53E-20,114190.5471,547186,1.51E-09,-1.57E-08
49080,1.45E-20,121132.6019,547642,2.71E-09,-1.52E-08
49140,1.56E-20,120704.3952,542331,-2.04E-09,-1.52E-08
49200,1.67E-20,120277.349,537017,-2.32E-09,-1.53E-08
49260,1.74E-20,123611.327,539865,-4.26E-09,-1.51E-08
49320,1.63E-20,121551.525,540886,-3.03E-09,-1.51E-08
49380,1.52E-20,119507.9694,541908,-2.68E-09,-1.54E-08
49440,1.48E-20,119481.279,544934,-3.00E-09,-1.57E-08
49500,1.35E-20,110067.3458,545487,-9.73E-10,-1.60E-08
49560,1.21E-20,101039.6109,546041,-6.04E-11,-1.62E-08
49620,1.14E-20,96240.4464,544652,9.84E-10,-1.63E-08
49680,1.08E-20,91558.02333,543260,-1.30E-09,-1.67E-08
49740,1.11E-20,94699.36639,545389,-1.95E-09,-1.70E-08
49800,1.17E-20,94624.16911,542778,-2.25E-10,-1.72E-08
49860,1.22E-20,94548.97183,540166,7.63E-10,-1.72E-08
49920,1.23E-20,92327.98311,538621,-3.48E-10,-1.73E-08
49980,1.23E-20,90133.33664,537075,-1.90E-09,-1.72E-08
50040,1.40E-20,94603.97725,535257,-1.12E-09,-1.72E-08
50100,1.28E-20,90880.20343,536895,7.88E-10,-1.74E-08
50160,1.17E-20,87231.27875,538534,1.93E-09,-1.72E-08
50220,1.19E-20,84936.2532,537324,2.21E-09,-1.72E-08
50280,1.20E-20,82671.74754,536115,1.88E-09,-1.72E-08
50340,1.26E-20,84311.69804,544140,2.06E-09,-1.73E-08
50400,1.13E-20,95693.52546,544925,1.50E-09,-1.75E-08
50460,9.91E-21,107795.6453,545708,7.90E-10,-1.73E-08
50520,1.32E-20,70272.43597,549932,1.33E-09,-1.71E-08
50580,1.41E-20,72536.47746,548898,1.21E-09,-1.69E-08
50640,1.50E-20,74836.3769,547860,5.23E-10,-1.69E-08
50700,1.38E-20,76834.55888,551638,-1.53E-09,-1.70E-08
50760,1.27E-20,78859.19916,555417,-1.24E-09,-1.71E-08
50820,1.22E-20,70785.58776,556991,3.43E-10,-1.73E-08
50880,1.28E-20,70270.69529,554179,-1.83E-10,-1.72E-08
50940,1.34E-20,69757.77559,551367,-1.19E-09,-1.74E-08
51000,1.46E-20,65823.84395,551657,-2.38E-09,-1.76E-08
51060,1.58E-20,62004.10077,551950,-2.80E-09,-1.76E-08
51120,1.07E-20,52364.80779,558806,-2.81E-09,-1.77E-08
51180,1.22E-20,54369.4883,557947,1.40E-09,-1.73E-08
51240,1.37E-20,56411.88348,557086,1.65E-10,-1.75E-08
51300,1.60E-20,59822.56741,556143,3.92E-10,-1.78E-08
51360,1.82E-20,63333.51436,555203,-2.28E-09,-1.74E-08
51420,1.80E-20,55710.39036,548616,2.80E-10,-1.75E-08
51480,1.84E-20,60162.92792,550597,-1.56E-09,-1.75E-08
51540,1.89E-20,64786.63212,552576,-1.42E-09,-1.77E-08
51600,1.92E-20,63154.80478,553611,-2.47E-09,-1.74E-08
51660,1.96E-20,61543.98162,554644,-3.43E-09,-1.70E-08
51720,1.65E-20,66882.64018,556892,-3.26E-09,-1.71E-08
51780,1.53E-20,58690.43062,553574,-3.78E-09,-1.74E-08
51840,1.41E-20,51033.30538,550254,-3.16E-09,-1.75E-08
51900,1.60E-20,56185.59538,556881,-2.26E-09,-1.76E-08
51960,1.66E-20,60792.70512,553837,4.52E-10,-1.79E-08
52020,1.72E-20,65581.19348,550795,1.47E-09,-1.76E-08
52080,1.67E-20,61713.98781,551793,1.52E-09,-1.77E-08
52140,1.61E-20,57964.21987,552790,2.00E-09,-1.76E-08
52200,1.55E-20,63714.02651,551348,3.74E-09,-1.74E-08
52260,1.64E-20,62972.4978,550617,4.10E-09,-1.76E-08
52320,1.73E-20,62235.26277,549885,4.41E-09,-1.75E-08
52380,1.53E-20,65901.94236,551415,6.09E-09,-1.72E-08
52440,1.34E-20,69673.64284,552950,5.02E-09,-1.73E-08
52500,9.67E-21,54403.48953,556343,-1.83E-09,-1.79E-08
52560,1.00E-20,58421.32184,554612,-5.34E-09,-1.72E-08
52620,1.04E-20,62582.3539,552881,-7.29E-09,-1.67E-08
52680,1.05E-20,56509.70957,552225,-6.44E-09,-1.73E-08
52740,1.06E-20,50746.90587,551569,-6.55E-09,-1.71E-08
52800,1.13E-20,62333.55304,549009,-6.66E-09,-1.68E-08
52860,1.22E-20,62018.72246,557101,-4.97E-09,-1.76E-08
52920,1.32E-20,61704.58815,565187,-2.89E-09,-1.82E-08
52980,1.00E-20,76462.40198,557213,-5.86E-09,-1.72E-08
53040,6.88E-21,92800.86722,549243,-5.10E-09,-1.76E-08
53100,9.83E-21,49803.92273,540535,-5.04E-09,-1.78E-08
53160,1.07E-20,51301.60184,541382,-1.60E-09,-1.89E-08
53220,1.15E-20,52821.44558,542232,-5.81E-10,-1.91E-08
53280,1.23E-20,57772.86137,529071,-1.56E-09,-1.91E-08
53340,1.11E-20,50538.02455,532384,-9.36E-10,-1.92E-08
53400,9.95E-21,43787.09613,535699,-1.40E-10,-1.93E-08
53460,1.06E-20,46079.80078,532024,4.18E-10,-1.93E-08
53520,1.12E-20,48431.10824,528348,-6.05E-10,-1.94E-08
53580,9.72E-21,44526.07185,524461,-1.72E-09,-1.95E-08
53640,1.07E-20,53895.79187,536772,-1.94E-09,-1.95E-08
53700,1.17E-20,64159.52396,549082,-1.04E-09,-1.96E-08
53760,1.18E-20,56896.02398,547319,-7.42E-10,-1.96E-08
53820,1.19E-20,50068.85388,545556,2.22E-10,-1.92E-08
53880,1.05E-20,39085.64166,546375,2.04E-11,-1.91E-08
53940,1.09E-20,56673.56537,542474,2.45E-11,-1.88E-08
54000,1.13E-20,77519.45754,538576,-1.07E-09,-1.88E-08
54060,1.09E-20,73329.99441,545449,-1.70E-09,-1.88E-08
54120,1.04E-20,69256.92459,552320,-8.44E-10,-1.88E-08
54180,9.93E-21,65300.24809,559189,-2.07E-09,-1.86E-08
54240,1.02E-20,58702.61536,557771,-3.53E-09,-1.81E-08
54300,1.05E-20,52456.25139,556357,-2.20E-09,-1.80E-08
54360,9.88E-21,56937.6842,545455,-1.00E-09,-1.80E-08
54420,9.26E-21,61602.58444,534554,-7.87E-10,-1.85E-08
54480,9.89E-21,55809.3769,535854,-7.13E-10,-1.89E-08
54540,1.12E-20,59400.74317,545080,-2.30E-09,-1.92E-08
54600,1.25E-20,63104.09304,554308,-2.98E-09,-1.89E-08
54660,1.03E-20,51916.98944,552688,-9.54E-10,-1.80E-08
54720,1.07E-20,61585.17766,554767,-1.96E-09,-1.78E-08
54780,1.11E-20,72078.56317,556834,-3.53E-09,-1.77E-08
54840,1.12E-20,74047.8499,561812,-5.13E-09,-1.66E-08
54900,1.14E-20,76043.59492,566787,-3.35E-09,-1.70E-08
54960,1.28E-20,68604.98276,546585,-1.85E-09,-1.66E-08
55020,1.32E-20,63499.57502,541289,-3.68E-09,-1.67E-08
55080,1.35E-20,58591.56012,535987,-3.87E-09,-1.68E-08
55140,1.28E-20,66098.05871,538653,-4.96E-09,-1.74E-08
55200,1.20E-20,74056.78538,541322,-8.01E-09,-1.56E-08
55260,1.31E-20,93462.90498,544533,-7.18E-09,-1.60E-08
55320,1.30E-20,86182.23032,550597,-7.93E-09,-1.57E-08
55380,1.30E-20,79196.77459,556662,-8.24E-09,-1.52E-08
55440,1.33E-20,77495.90037,557431,-6.46E-09,-1.54E-08
55500,1.36E-20,75813.59337,558190,-7.38E-09,-1.48E-08
55560,1.29E-20,80571.21371,544440,-1.03E-08,-1.30E-08
55620,1.38E-20,83767.21405,544978,-4.30E-09,-1.84E-08
55680,1.46E-20,87025.4146,545517,-2.62E-09,-1.86E-08
55740,1.17E-20,47402.25166,556765,-1.32E-09,-1.87E-08
55800,8.78E-21,19723.50318,568005,-3.32E-09,-1.76E-08
55860,1.13E-20,32788.4499,541649,-5.66E-09,-1.68E-08
55920,1.13E-20,36757.31115,550544,-2.80E-09,-1.83E-08
55980,1.13E-20,40952.92467,559432,-1.40E-09,-1.87E-08
56040,1.03E-20,42856.64587,553762,-4.23E-09,-1.74E-08
56100,1.34E-20,48374.13005,555630,-3.93E-09,-1.69E-08
56160,1.65E-20,54225.59227,557508,5.26E-09,-1.63E-08
56220,1.61E-20,47705.24563,556446,6.68E-09,-1.72E-08
56280,1.57E-20,41602.42955,555379,8.59E-09,-1.70E-08
56340,1.70E-20,43732.78699,557818,7.58E-09,-1.73E-08
56400,1.74E-20,44166.09969,558143,1.03E-08,-1.61E-08
56460,1.78E-20,44601.50121,558466,1.11E-08,-1.56E-08
56520,1.72E-20,44767.91,558095,1.06E-08,-1.60E-08
56580,1.67E-20,44934.66693,557724,1.01E-08,-1.62E-08
56640,1.66E-20,44876.76038,561648,9.96E-09,-1.62E-08
56700,1.72E-20,46324.07588,563570,9.41E-09,-1.64E-08
56760,1.77E-20,47794.36833,565494,8.95E-09,-1.66E-08
56820,1.75E-20,45168.26588,570199,9.25E-09,-1.64E-08
56880,1.72E-20,42616.3163,574901,7.62E-09,-1.71E-08
56940,1.60E-20,44411.18712,570887,6.97E-09,-1.66E-08
57000,1.49E-20,39669.00079,560061,6.10E-09,-1.71E-08
57060,1.39E-20,35194.53069,549238,4.89E-09,-1.72E-08
57120,1.41E-20,36751.04471,556446,7.22E-09,-1.75E-08
57180,1.44E-20,38341.09578,563650,8.15E-09,-1.74E-08
57240,1.62E-20,40159.98795,557205,7.38E-09,-1.70E-08
57300,1.61E-20,43129.81623,552454,7.13E-09,-1.72E-08
57360,1.60E-20,46205.7098,547697,4.80E-09,-1.82E-08
57420,1.62E-20,42605.5241,559898,5.98E-09,-1.81E-08
57480,1.54E-20,43246.55768,550391,6.41E-09,-1.78E-08
57540,1.46E-20,43892.46516,540876,6.25E-09,-1.77E-08
57600,1.52E-20,43289.2623,545298,8.37E-09,-1.79E-08
57660,1.58E-20,42690.23708,549730,1.10E-08,-1.68E-08
57720,1.57E-20,43469.01629,551637,8.65E-09,-1.76E-08
57780,1.62E-20,42755.91865,551692,9.35E-09,-1.73E-08
57840,1.67E-20,42048.73932,551748,1.03E-08,-1.69E-08
57900,1.70E-20,44364.653,551860,7.96E-09,-1.75E-08
57960,1.72E-20,46742.65085,551974,9.72E-09,-1.65E-08
58020,1.73E-20,44252.43731,548010,8.86E-09,-1.69E-08
58080,1.70E-20,43560.80803,547531,8.49E-09,-1.70E-08
58140,1.67E-20,42874.74892,547053,8.61E-09,-1.68E-08
58200,1.45E-20,42808.37107,549794,8.76E-09,-1.65E-08
58260,1.23E-20,42742.10928,552532,8.68E-09,-1.66E-08
58320,1.30E-20,41707.45044,544891,9.84E-09,-1.64E-08
58380,1.35E-20,43243.42446,549017,9.30E-09,-1.66E-08
58440,1.40E-20,44807.24932,553143,9.44E-09,-1.67E-08
58500,1.36E-20,44201.95765,555776,9.06E-09,-1.65E-08
58560,1.31E-20,43600.84362,558410,7.95E-09,-1.64E-08
58620,8.93E-21,42252.16652,547271,8.09E-09,-1.66E-08
58680,9.84E-21,46068.3123,547483,8.62E-09,-1.72E-08
58740,1.08E-20,50049.47434,547694,8.88E-09,-1.75E-08
58800,1.06E-20,50327.98277,551705,7.51E-09,-1.76E-08
58860,1.10E-20,53168.07253,549626,8.50E-09,-1.74E-08
58920,1.14E-20,56086.02862,547552,9.18E-09,-1.71E-08
58980,1.03E-20,49189.57954,547587,9.55E-09,-1.65E-08
59040,9.18E-21,42745.47459,547626,7.07E-09,-1.77E-08
59100,8.57E-21,49158.47943,545048,6.98E-09,-1.78E-08
59160,8.36E-21,52649.81476,548118,7.01E-09,-1.74E-08
59220,8.14E-21,56260.9087,551189,3.34E-09,-1.90E-08
59280,8.24E-21,53361.98403,551673,3.05E-09,-1.90E-08
59340,8.33E-21,50539.76523,552158,3.99E-09,-1.86E-08
59400,8.18E-21,49289.26235,550569,4.13E-09,-1.87E-08
59460,7.14E-21,35759.20654,549172,5.80E-09,-1.82E-08
59520,6.10E-21,24395.48217,547776,7.47E-09,-1.73E-08
59580,6.72E-21,30576.62875,548252,7.27E-09,-1.74E-08
59640,7.35E-21,37455.09082,548729,7.00E-09,-1.79E-08
59700,6.71E-21,35828.71761,546878,3.53E-09,-1.86E-08
59760,6.33E-21,42257.38855,539397,3.10E-09,-1.85E-08
59820,5.95E-21,49216.38598,531906,4.05E-09,-1.83E-08
59880,1.07E-20,83352.23648,510164,7.83E-09,-1.77E-08
59940,1.00E-20,76967.6627,515049,1.11E-08,-1.67E-08
60000,9.34E-21,70837.45996,519942,1.39E-08,-1.50E-08
60060,9.77E-21,75939.73449,518522,1.31E-08,-1.53E-08
60120,1.02E-20,81219.32605,517099,1.25E-08,-1.56E-08
60180,1.12E-20,78217.93348,518998,1.33E-08,-1.50E-08
60240,1.12E-20,71072.10332,522974,1.34E-08,-1.50E-08
60300,1.11E-20,64268.49039,526952,1.36E-08,-1.51E-08
60360,1.15E-20,60705.55519,527087,1.26E-08,-1.58E-08
60420,1.18E-20,57244.27557,527220,1.25E-08,-1.57E-08
60480,1.22E-20,56819.66625,524114,1.24E-08,-1.58E-08
60540,1.26E-20,61759.94171,525544,1.20E-08,-1.61E-08
60600,1.30E-20,66906.08131,526969,1.32E-08,-1.53E-08
60660,1.25E-20,67721.06662,531630,1.35E-08,-1.50E-08
60720,1.20E-20,68540.92582,536294,1.38E-08,-1.49E-08
60780,1.16E-20,69365.65893,539985,1.48E-08,-1.43E-08
60840,1.12E-20,70195.38197,543676,1.52E-08,-1.40E-08
60900,1.08E-20,71030.09496,547365,1.63E-08,-1.28E-08
60960,1.04E-20,71869.68185,551054,1.64E-08,-1.30E-08
61020,9.98E-21,72714.14263,554741,1.65E-08,-1.31E-08
61080,9.04E-21,54123.47251,546428,1.62E-08,-1.34E-08
61140,7.82E-21,45962.59514,539631,1.63E-08,-1.34E-08
61200,6.59E-21,38468.16525,532850,1.71E-08,-1.26E-08
61260,7.27E-21,44352.00407,537964,1.81E-08,-1.09E-08
61320,7.95E-21,50654.30182,543069,1.73E-08,-1.20E-08
61380,6.61E-21,57375.17453,552986,1.80E-08,-1.10E-08
61440,6.34E-21,55671.86336,550426,1.79E-08,-1.06E-08
61500,6.07E-21,53994.19818,547874,1.81E-08,-1.00E-08
61560,5.80E-21,78723.65838,551147,1.85E-08,-9.20E-09
61620,6.17E-21,69199.13409,552564,1.86E-08,-8.80E-09
61680,6.55E-21,60288.37276,553979,1.85E-08,-8.28E-09
61740,7.89E-21,84524.17677,558856,1.79E-08,-8.39E-09
61800,9.22E-21,112845.0032,563750,1.66E-08,-7.37E-09
61860,6.56E-21,70635.88948,553089,1.77E-08,-4.13E-09
61920,6.21E-21,56531.75816,554519,1.85E-08,-6.05E-09
61980,5.87E-21,43996.78977,555945,1.84E-08,-6.48E-09
62040,6.16E-21,43245.51327,554589,1.85E-08,-6.45E-09
62100,6.45E-21,42500.7353,553234,1.87E-08,-6.12E-09
62160,6.97E-21,38813.51571,554055,1.88E-08,-6.28E-09
62220,9.18E-21,60796.65066,560180,1.88E-08,-6.31E-09
62280,1.14E-20,87691.74603,566312,1.84E-08,-7.33E-09
62340,1.57E-20,153121.6166,567294,1.81E-08,-6.99E-09
62400,2.00E-20,236668.3448,568278,1.67E-08,-3.48E-09
62460,1.93E-20,200927.5894,587126,1.45E-08,-4.93E-09
62520,1.92E-20,178861.5982,576646,1.22E-08,-5.95E-09
62580,1.91E-20,158079.0667,566173,9.74E-09,-7.64E-09
62640,1.82E-20,180878.4635,576511,9.68E-09,-7.95E-09
62700,1.73E-20,205214.2984,586842,9.06E-09,-8.59E-09
62760,1.86E-20,193865.0797,593285,1.02E-08,-8.00E-09
62820,1.74E-20,210025.5316,596989,1.11E-08,-6.88E-09
62880,1.63E-20,226834.6761,600695,1.09E-08,-6.91E-09
62940,1.10E-20,182894.1683,612287,1.25E-08,-4.32E-09
63000,1.30E-20,191194.8801,614016,1.14E-08,-5.12E-09
63060,1.50E-20,199678.9433,615736,1.28E-08,-3.24E-09
63120,1.55E-20,199096.3965,617982,1.04E-08,-7.54E-09
63180,1.59E-20,198513.8497,620244,1.11E-08,-6.22E-09
63240,1.77E-20,208597.0155,619785,1.17E-08,-2.49E-09
63300,1.78E-20,195291.275,622246,1.09E-08,-1.96E-09
63360,1.78E-20,182424.1853,624710,1.07E-08,-4.12E-09
63420,1.43E-20,189541.2363,624528,1.07E-08,-3.11E-09
63480,1.08E-20,196796.381,624341,1.10E-08,-3.56E-09
63540,1.08E-20,198255.0689,617294,1.22E-08,-3.15E-09
63600,1.13E-20,196173.2184,618408,1.26E-08,-3.31E-09
63660,1.18E-20,194101.8119,619522,1.26E-08,-3.64E-09
63720,1.40E-20,187945.615,621723,1.22E-08,-3.69E-09
63780,1.63E-20,181888.0566,623920,1.18E-08,-3.49E-09
63840,1.48E-20,155202.3067,626713,1.07E-08,-2.73E-09
63900,1.42E-20,150685.8282,628146,1.10E-08,-3.24E-09
63960,1.35E-20,146236.656,629576,1.14E-08,-3.65E-09
64020,1.40E-20,155506.3451,631667,1.15E-08,-4.84E-09
64080,1.44E-20,165060.3448,633760,1.10E-08,-4.56E-09
64140,5.59E-21,185838.2345,600548,1.04E-08,-3.53E-09
64200,5.47E-21,185529.5543,595586,1.13E-08,-4.70E-09
64260,5.34E-21,185222.0346,590614,1.20E-08,-8.03E-09
64320,4.55E-21,138381.5577,588794,1.18E-08,-9.18E-09
64380,4.19E-21,114521.2759,581879,1.23E-08,-8.57E-09
64440,3.83E-21,92917.02845,574960,1.27E-08,-7.80E-09
64500,4.11E-21,95608.23225,577563,1.30E-08,-7.10E-09
64560,4.39E-21,98337.847,580165,1.31E-08,-6.71E-09
64620,4.36E-21,86802.49181,579469,1.34E-08,-6.49E-09
64680,4.32E-21,75986.50069,578774,1.30E-08,-6.90E-09
64740,4.28E-21,65889.9897,578079,1.33E-08,-6.54E-09
64800,4.25E-21,61764.69956,576353,1.30E-08,-6.77E-09
64860,4.21E-21,57772.74532,574624,1.34E-08,-6.43E-09
64920,4.14E-21,47329.02715,576853,1.36E-08,-5.84E-09
64980,4.54E-21,49068.31233,574525,1.37E-08,-6.13E-09
65040,4.93E-21,50839.04575,572190,1.35E-08,-5.82E-09
65100,4.59E-21,50931.41771,571608,1.34E-08,-5.66E-09
65160,4.25E-21,51023.78968,571037,1.34E-08,-5.38E-09
65220,4.83E-21,57312.62618,574848,1.32E-08,-6.39E-09
65280,4.62E-21,51805.00584,572944,1.33E-08,-6.06E-09
65340,4.40E-21,46575.66184,571048,1.33E-08,-5.83E-09
65400,4.29E-21,47981.54921,574347,1.30E-08,-6.30E-09
65460,4.18E-21,49408.32471,577641,1.33E-08,-6.07E-09
65520,4.24E-21,52334.17186,573469,1.34E-08,-6.09E-09
65580,4.23E-21,53714.87743,573397,1.36E-08,-5.75E-09
65640,4.22E-21,55113.68604,573322,1.38E-08,-5.65E-09
65700,4.65E-21,56422.55964,563903,1.36E-08,-5.49E-09
65760,4.64E-21,53058.0617,562059,1.36E-08,-5.78E-09
65820,4.63E-21,49796.96002,560220,1.30E-08,-5.80E-09
65880,4.44E-21,49025.6077,558428,1.31E-08,-5.53E-09
65940,4.24E-21,48260.28973,556634,1.30E-08,-5.67E-09
66000,3.80E-21,36295.10319,555026,1.25E-08,-6.18E-09
66060,3.97E-21,42173.37184,562278,1.26E-08,-6.16E-09
66120,4.15E-21,48492.61218,569530,1.28E-08,-5.85E-09
66180,4.23E-21,49327.20913,568671,1.33E-08,-5.48E-09
66240,4.31E-21,50168.76878,567813,1.34E-08,-6.08E-09
66300,4.05E-21,40976.71393,569456,1.34E-08,-5.99E-09
66360,4.23E-21,49015.74386,566285,1.35E-08,-6.27E-09
66420,4.41E-21,57774.25391,563111,1.32E-08,-6.15E-09
66480,4.27E-21,50076.28077,564522,1.27E-08,-5.02E-09
66540,4.13E-21,42928.47784,565939,1.30E-08,-6.05E-09
66600,4.02E-21,36949.8301,568972,1.31E-08,-6.25E-09
66660,4.34E-21,45173.25582,570746,1.30E-08,-6.54E-09
66720,4.67E-21,54222.22696,572519,1.30E-08,-6.56E-09
66780,3.72E-21,47577.0157,577866,1.31E-08,-6.39E-09
66840,2.78E-21,41366.16156,583212,1.35E-08,-6.32E-09
66900,4.94E-21,53227.02349,578474,1.40E-08,-6.57E-09
66960,5.09E-21,55498.49186,572946,1.37E-08,-6.77E-09
67020,5.24E-21,57817.42272,567408,1.35E-08,-6.52E-09
67080,5.37E-21,56201.60962,571452,1.37E-08,-5.76E-09
67140,5.50E-21,54608.77346,575500,1.34E-08,-5.89E-09
67200,5.77E-21,54008.1236,572053,1.39E-08,-5.43E-09
67260,5.92E-21,55690.31455,565276,1.34E-08,-5.72E-09
67320,6.06E-21,57398.38357,558491,1.37E-08,-5.83E-09
67380,5.93E-21,56186.29165,558624,1.35E-08,-4.69E-09
67440,5.80E-21,54987.31284,558765,1.29E-08,-4.70E-09
67500,5.67E-21,53801.099,558913,1.27E-08,-4.55E-09
67560,5.51E-21,51603.89954,563114,1.20E-08,-5.44E-09
67620,5.35E-21,49452.53792,567313,1.32E-08,-5.74E-09
67680,5.77E-21,59667.53104,566722,1.33E-08,-5.95E-09
67740,5.45E-21,55433.8547,564290,1.34E-08,-6.10E-09
67800,5.14E-21,51355.91099,561850,1.29E-08,-6.17E-09
67860,5.29E-21,50880.12574,561142,1.33E-08,-6.06E-09
67920,5.43E-21,50406.42931,560435,1.37E-08,-5.40E-09
67980,5.58E-21,49935.05379,559728,1.37E-08,-6.18E-09
68040,5.84E-21,49610.24332,556224,1.25E-08,-3.56E-09
68100,6.10E-21,49286.59331,552717,1.41E-08,-4.90E-09
68160,5.82E-21,48544.13624,552993,1.43E-08,-4.73E-09
68220,5.54E-21,47807.36539,553264,1.33E-08,-3.95E-09
68280,5.91E-21,51857.45826,560429,1.36E-08,-4.07E-09
68340,6.23E-21,52975.43753,561556,1.34E-08,-5.05E-09
68400,6.55E-21,54105.48551,562687,1.36E-08,-4.83E-09
68460,5.89E-21,49475.74696,562260,1.35E-08,-5.43E-09
68520,5.23E-21,45053.14906,561824,1.32E-08,-6.38E-09
68580,4.57E-21,40837.45972,561378,1.23E-08,-5.58E-09
68640,5.06E-21,46773.40282,559104,1.29E-08,-5.14E-09
68700,5.55E-21,53112.13876,556829,1.40E-08,-4.53E-09
68760,5.67E-21,46517.29111,560142,1.37E-08,-4.26E-09
68820,5.97E-21,48206.44477,559198,1.36E-08,-4.16E-09
68880,6.26E-21,49925.65413,558255,1.38E-08,-3.93E-09
68940,6.10E-21,49543.98153,557941,1.34E-08,-3.87E-09
69000,5.94E-21,49163.70147,557626,1.34E-08,-3.78E-09
69060,6.22E-21,53470.71837,564375,1.37E-08,-3.42E-09
69120,6.07E-21,51501.3156,561622,1.38E-08,-2.98E-09
69180,5.91E-21,49568.81519,558882,1.44E-08,-2.23E-09
69240,5.75E-21,47673.33321,556155,1.39E-08,-1.73E-09
69300,5.59E-21,45814.86963,553440,1.21E-08,-7.28E-09
69360,6.83E-21,58403.21879,559298,1.26E-08,-6.27E-09
69420,6.40E-21,47611.24903,557127,1.26E-08,-5.91E-09
69480,5.98E-21,37920.78013,554954,1.28E-08,-5.90E-09
69540,6.10E-21,43781.29387,555182,1.27E-08,-5.22E-09
69600,6.22E-21,50062.81953,555414,1.25E-08,-5.69E-09
69660,6.44E-21,66443.29313,551508,1.23E-08,-6.34E-09
69720,5.64E-21,48441.66835,561053,1.29E-08,-5.62E-09
69780,4.84E-21,33278.16057,570597,1.30E-08,-5.09E-09
69840,5.28E-21,37862.87359,563024,1.39E-08,-4.03E-09
69900,5.72E-21,42743.38577,555444,1.38E-08,-3.62E-09
69960,5.77E-21,37759.94151,553897,1.36E-08,-3.37E-09
70020,5.56E-21,40365.8521,548901,1.37E-08,-3.46E-09
70080,5.35E-21,43058.56448,543904,1.35E-08,-3.58E-09
70140,5.42E-21,41796.68918,548718,1.34E-08,-3.35E-09
70200,5.49E-21,40553.6132,553534,1.34E-08,-3.37E-09
70260,6.42E-21,53678.90342,546995,1.33E-08,-4.33E-09
70320,6.13E-21,45889.0225,544970,1.23E-08,-6.25E-09
70380,5.84E-21,38709.53923,542939,1.19E-08,-6.74E-09
70440,5.74E-21,42487.27406,532819,1.14E-08,-6.83E-09
70500,5.48E-21,42951.10665,526717,1.19E-08,-5.66E-09
70560,5.21E-21,43417.49223,520606,1.11E-08,-5.13E-09
70620,5.95E-21,63188.80602,524519,9.43E-09,-7.38E-09
70680,6.69E-21,86658.94392,528415,1.09E-08,-1.99E-09
70740,6.26E-21,55830.96131,506629,1.13E-08,-1.11E-09
70800,5.89E-21,48737.35147,514891,1.02E-08,1.64E-10
70860,5.52E-21,42125.56123,523159,7.34E-09,2.19E-09
70920,5.48E-21,49846.04713,530368,9.31E-09,1.73E-09
70980,5.43E-21,58215.68978,537588,1.02E-08,1.16E-10
71040,5.39E-21,67234.72126,544819,1.21E-08,-1.74E-09
71100,5.47E-21,56890.33777,546259,1.19E-08,-2.05E-09
71160,5.55E-21,47409.56251,547706,1.22E-08,-6.77E-11
71220,5.91E-21,66591.48282,546753,1.29E-08,-1.49E-09
71280,6.26E-21,89024.06076,545776,1.23E-08,7.21E-10
71340,6.39E-21,72378.53997,554711,1.29E-08,4.17E-10
71400,6.12E-21,66516.28555,556454,1.31E-08,-2.10E-11
71460,5.86E-21,60901.5555,558200,1.34E-08,-1.46E-09
71520,5.60E-21,55534.34982,559948,1.31E-08,-6.17E-10
71580,5.84E-21,61835.71921,562156,1.38E-08,-1.60E-09
71640,6.08E-21,68475.70843,564366,1.40E-08,-2.21E-09
71700,5.52E-21,70971.72423,571175,1.42E-08,-2.82E-09
71760,4.96E-21,73512.30139,577983,1.43E-08,-2.89E-09
71820,3.87E-21,44921.55382,557071,1.46E-08,-2.00E-09
71880,4.41E-21,54699.63684,558590,1.48E-08,-1.45E-09
71940,4.96E-21,65439.61836,560105,1.36E-08,-1.37E-09
72000,5.50E-21,77141.73047,561617,1.35E-08,-1.83E-09
72060,6.05E-21,89805.85714,563125,1.38E-08,-1.74E-09
72120,6.59E-21,103432.1144,564629,1.37E-08,-2.11E-09
72180,6.62E-21,83377.88247,556267,1.32E-08,-6.60E-11
72240,6.64E-21,65482.55507,547917,1.42E-08,-4.86E-10
72300,6.95E-21,71488.24134,553713,1.41E-08,-9.07E-10
72360,7.25E-21,77757.23411,559502,1.33E-08,-1.98E-09
72420,5.57E-21,61951.06812,563797,1.40E-08,-9.28E-10
72480,6.25E-21,62428.2459,554996,1.38E-08,-1.56E-09
72540,6.92E-21,62907.39646,546202,1.40E-08,-2.10E-09
72600,6.92E-21,66412.88929,547875,1.36E-08,-2.55E-09
72660,6.92E-21,70013.53917,549547,1.24E-08,-4.21E-09
72720,6.59E-21,88533.88591,544527,1.28E-08,-3.50E-09
72780,7.05E-21,82959.88772,545178,1.30E-08,-3.44E-09
72840,7.50E-21,77567.03606,545831,1.29E-08,-3.68E-09
72900,7.20E-21,73721.29876,545354,1.24E-08,-3.21E-09
72960,6.90E-21,69973.2715,544881,1.26E-08,-3.70E-09
73020,7.49E-21,68674.84196,543225,1.23E-08,-4.06E-09
73080,7.66E-21,72198.90203,545760,1.17E-08,-5.38E-09
73140,7.83E-21,75811.27247,548291,1.10E-08,-6.50E-09
73200,7.39E-21,68096.82092,554001,1.22E-08,-4.97E-09
73260,6.81E-21,79229.26724,556376,1.26E-08,-4.59E-09
73320,6.22E-21,91204.08553,558756,1.27E-08,-5.00E-09
73380,6.90E-21,84113.14473,558825,1.25E-08,-5.16E-09
73440,7.58E-21,77309.18367,558890,1.29E-08,-5.21E-09
73500,6.91E-21,81439.5798,567979,1.30E-08,-4.77E-09
73560,5.49E-21,68184.78316,555662,1.35E-08,-4.66E-09
73620,4.07E-21,56106.45257,543351,1.36E-08,-4.29E-09
73680,5.54E-21,63852.58446,531943,1.38E-08,-4.77E-09
73740,7.01E-21,72099.56735,520531,1.06E-08,-2.05E-09
73800,6.90E-21,59640.02834,517938,1.10E-08,-3.04E-09
73860,7.04E-21,65289.10776,518491,9.43E-09,-2.78E-09
73920,7.18E-21,71193.60262,519038,9.18E-09,-3.92E-09
73980,7.21E-21,69281.41013,527576,9.94E-09,-3.81E-09
74040,7.25E-21,67395.21175,536121,1.02E-08,-3.36E-09
74100,7.13E-21,68685.16998,547734,1.11E-08,-4.54E-09
74160,7.00E-21,69987.42901,559360,1.17E-08,-6.37E-09
74220,6.87E-21,71301.98882,570997,1.24E-08,-4.97E-09
74280,5.71E-21,70684.51241,570150,1.16E-08,-7.77E-09
74340,5.76E-21,76665.13291,583744,1.08E-08,-9.09E-09
74400,5.82E-21,82888.63598,597348,1.33E-08,-5.24E-09
74460,5.56E-21,74409.67877,580950,1.33E-08,-6.36E-09
74520,5.30E-21,66388.17167,564548,1.20E-08,-6.39E-09
74580,6.41E-21,67253.0564,558907,1.19E-08,-6.82E-09
74640,5.94E-21,85260.01926,559109,1.30E-08,-3.60E-09
74700,5.48E-21,105400.4728,559308,1.27E-08,-4.23E-09
74760,6.24E-21,96230.93069,565907,1.27E-08,-3.52E-09
74820,7.01E-21,87478.57103,572508,1.27E-08,-5.56E-09
74880,7.02E-21,84175.57704,550656,1.30E-08,-5.28E-09
74940,6.48E-21,83976.55956,560644,1.22E-08,-2.78E-09
75000,5.95E-21,83777.77416,570629,1.24E-08,-4.26E-09
75060,5.88E-21,78898.19034,562360,1.34E-08,-3.20E-09
75120,5.80E-21,74165.05553,554097,1.36E-08,-2.88E-09
75180,5.72E-21,69578.2537,545841,1.28E-08,-3.89E-09
75240,5.96E-21,67330.34249,547999,1.22E-08,-4.92E-09
75300,6.21E-21,65119.33366,550167,1.15E-08,-5.87E-09
75360,6.12E-21,67935.40207,558740,1.25E-08,-4.78E-09
75420,6.04E-21,70811.1177,567308,1.15E-08,-5.88E-09
75480,6.89E-21,68987.58373,536503,1.23E-08,-6.20E-09
75540,7.09E-21,79655.61723,532067,1.18E-08,-5.84E-09
75600,7.30E-21,91090.12916,527630,1.15E-08,-3.30E-09
75660,7.71E-21,97130.97712,533875,1.08E-08,-2.67E-09
75720,8.12E-21,103365.6205,540128,1.08E-08,-3.23E-09
75780,7.19E-21,73068.42857,539803,1.08E-08,-4.45E-09
75840,6.65E-21,64696.46502,534506,1.08E-08,-5.15E-09
75900,6.11E-21,56833.70772,529209,1.10E-08,-5.32E-09
75960,6.18E-21,83747.02219,536877,1.08E-08,-5.08E-09
76020,6.17E-21,69579.99438,541166,1.05E-08,-4.06E-09
76080,6.17E-21,56724.74129,545457,1.08E-08,-5.30E-09
76140,6.55E-21,63310.42137,544168,1.13E-08,-6.67E-09
76200,6.92E-21,70257.58219,542878,1.12E-08,-5.86E-09
76260,7.73E-21,91925.77051,585078,1.12E-08,-5.21E-09
76320,7.41E-21,93967.81757,581566,1.14E-08,-8.25E-09
76380,7.08E-21,96032.26134,578054,1.08E-08,-9.80E-09
76440,6.76E-21,98119.10183,574543,1.08E-08,-8.35E-09
76500,6.43E-21,100228.339,571032,1.00E-08,-9.35E-09
76560,6.69E-21,99587.88569,544961,1.04E-08,-8.84E-09
76620,6.65E-21,112145.5989,547080,1.21E-08,-4.32E-09
76680,6.61E-21,125448.3222,549197,1.20E-08,-4.28E-09
76740,6.80E-21,123422.1734,548956,1.20E-08,-3.12E-09
76800,7.00E-21,121411.1104,548712,1.24E-08,-3.64E-09
76860,6.49E-21,125623.5505,539592,1.23E-08,-2.92E-09
76920,6.23E-21,118414.8238,543819,1.25E-08,-2.60E-09
76980,5.96E-21,111418.924,548050,1.20E-08,-1.79E-09
77040,5.62E-21,110987.352,552473,1.22E-08,-2.17E-09
77100,5.28E-21,110556.8244,556894,1.23E-08,-2.28E-09
77160,6.65E-21,91950.14,553836,1.30E-08,-2.29E-09
77220,6.71E-21,96537.8702,557250,1.30E-08,-4.38E-10
77280,6.77E-21,101237.3519,560673,1.26E-08,-1.83E-09
77340,5.15E-21,106939.3479,548896,1.15E-08,-5.69E-09
77400,5.21E-21,93357.53596,543054,1.10E-08,-5.53E-09
77460,5.27E-21,80697.81901,537200,1.01E-08,-6.86E-09
77520,5.44E-21,95703.15721,547596,1.07E-08,-3.45E-09
77580,5.60E-21,111987.3133,557984,1.08E-08,-4.03E-09
77640,6.82E-21,190995.2824,587699,1.20E-08,-1.73E-09
77700,5.92E-21,147879.8558,586065,1.25E-08,-2.07E-09
77760,5.01E-21,110273.442,584426,1.29E-08,-1.84E-09
77820,5.20E-21,100463.9108,567189,1.29E-08,2.02E-12
77880,5.39E-21,91111.13334,549954,1.28E-08,6.86E-10
77940,5.07E-21,91190.3922,540082,1.19E-08,6.72E-10
78000,5.31E-21,112163.2378,544038,1.13E-08,-3.60E-10
78060,5.55E-21,135305.1999,547998,1.10E-08,1.48E-09
78120,5.74E-21,135877.3027,551512,1.16E-08,4.52E-10
78180,5.93E-21,136449.4054,555026,1.16E-08,-1.55E-10
78240,6.14E-21,123148.3067,551336,1.19E-08,1.53E-11
78300,5.96E-21,134130.8227,549994,1.15E-08,-2.63E-09
78360,5.78E-21,145581.0007,548656,1.13E-08,-3.12E-09
78420,5.40E-21,118244.2374,536606,1.13E-08,-2.56E-09
78480,5.02E-21,93746.7515,524566,9.79E-09,-5.13E-09
78540,4.53E-21,77514.35155,525918,7.87E-09,-6.28E-09
78600,4.77E-21,87290.4618,523244,6.74E-09,-8.40E-09
78660,5.00E-21,97647.03004,520570,5.21E-09,-8.13E-09
78720,5.14E-21,99370.06889,520544,5.22E-09,-7.78E-09
78780,5.25E-21,103160.3366,517579,5.41E-09,-7.71E-09
78840,5.36E-21,107021.5079,514603,7.41E-09,-5.68E-09
78900,5.18E-21,103533.6539,512455,7.49E-09,-4.00E-09
78960,5.00E-21,100103.7065,510307,7.22E-09,-2.81E-09
79020,5.25E-21,121651.3239,518133,7.01E-09,-1.57E-09
79080,5.52E-21,130764.352,521526,6.94E-09,7.90E-10
79140,5.79E-21,140208.1088,524915,8.41E-09,1.15E-09
79200,5.82E-21,138842.257,537956,8.89E-09,1.91E-09
79260,5.86E-21,137484.5284,550994,8.54E-09,2.34E-09
79320,5.27E-21,110695.0342,545668,9.15E-09,4.22E-09
79380,4.68E-21,86805.85712,540345,9.47E-09,4.42E-09
79440,4.08E-21,65816.99729,535025,7.97E-09,3.20E-09
79500,5.12E-21,125504.0239,547674,7.46E-09,7.44E-09
79560,6.16E-21,204289.4183,560339,9.68E-09,-6.21E-10
79620,5.48E-21,110454.5886,532371,9.22E-09,-5.70E-09
79680,5.17E-21,104810.4991,539829,8.92E-09,-6.36E-09
79740,4.85E-21,99314.25116,547288,8.59E-09,-4.87E-09
79800,5.23E-21,125353.1652,543987,9.28E-09,-6.50E-09
79860,5.62E-21,154420.1622,540684,8.94E-09,-3.69E-09
79920,5.13E-21,105419.6202,536283,9.49E-09,-3.87E-09
79980,5.14E-21,108780.5208,535058,9.38E-09,-3.47E-09
80040,5.16E-21,112194.1058,533832,9.20E-09,-2.02E-09
80100,5.14E-21,121486.5397,530847,9.13E-09,-1.19E-09
80160,5.46E-21,130453.3509,535509,9.04E-09,-2.04E-09
80220,5.79E-21,139740.4467,540179,8.93E-09,-1.03E-09
80280,5.72E-21,143357.575,540749,9.10E-09,-1.19E-09
80340,5.64E-21,147021.1214,541312,8.72E-09,-3.80E-09
80400,5.06E-21,122776.9622,523059,9.30E-09,-6.35E-10
80460,5.14E-21,115154.7665,519401,8.88E-09,3.82E-12
80520,5.23E-21,107776.846,515742,7.74E-09,-1.30E-09
80580,5.40E-21,122028.4707,516923,7.19E-09,-6.11E-10
80640,5.57E-21,137164.2437,518101,6.13E-09,-5.15E-10
80700,5.66E-21,149577.5968,520138,6.54E-09,5.63E-10
80760,5.49E-21,133050.4421,520664,7.06E-09,1.43E-09
80820,5.33E-21,117489.9437,521191,6.24E-09,2.94E-09
80880,5.24E-21,124615.1178,524890,6.34E-09,3.65E-09
80940,5.14E-21,131951.4942,528589,6.59E-09,3.10E-09
81000,4.42E-21,78824.96583,520259,6.69E-09,4.22E-09
81060,4.84E-21,99731.66567,526982,5.46E-09,4.51E-09
81120,5.26E-21,123094.926,533701,5.13E-09,4.08E-09
81180,6.49E-21,129838.3114,553784,6.14E-09,5.09E-09
81240,7.71E-21,136761.5669,573869,3.35E-09,7.01E-09
81300,8.94E-21,143865.8529,593959,7.55E-09,1.16E-09
81360,8.56E-21,151148.8485,597643,1.02E-08,-6.55E-09
81420,8.17E-21,158611.7141,601328,9.98E-09,-7.08E-09
81480,7.79E-21,166254.4497,605012,9.70E-09,-7.64E-09
81540,7.40E-21,174077.0554,608697,8.59E-09,-8.71E-09
81600,6.85E-21,182079.5311,591371,9.05E-09,-8.04E-09
81660,7.31E-21,173566.4566,590117,9.46E-09,-7.89E-09
81720,7.76E-21,165256.4612,588861,9.41E-09,-8.75E-09
81780,6.57E-21,139189.2321,574365,1.02E-08,-7.74E-09
81840,7.67E-21,152671.3613,575575,1.12E-08,-6.18E-09
81900,8.77E-21,166776.6531,576785,1.14E-08,-4.21E-09
81960,8.60E-21,166772.0113,574836,1.13E-08,-3.78E-09
82020,8.42E-21,166767.3695,572888,1.16E-08,-3.80E-09
82080,6.87E-21,166896.1796,570569,1.13E-08,-3.24E-09
82140,6.66E-21,178592.3734,572438,1.15E-08,-2.53E-09
82200,6.44E-21,190684.2813,574306,1.17E-08,-3.27E-09
82260,6.39E-21,180707.8771,577673,1.18E-08,-2.08E-09
82320,6.34E-21,170998.3768,581040,1.22E-08,-9.26E-10
82380,5.34E-21,145025.1443,571921,1.21E-08,-9.20E-10
82440,5.77E-21,148498.3766,568579,1.21E-08,-1.39E-10
82500,6.21E-21,152013.3851,565239,1.18E-08,-8.83E-10
82560,5.85E-21,159866.1625,562024,1.14E-08,-2.09E-09
82620,5.50E-21,167917.3772,558810,1.11E-08,-2.94E-09
82680,5.80E-21,157318.9708,559508,1.11E-08,-1.87E-09
82740,6.05E-21,178865.0796,562128,1.12E-08,-1.88E-09
82800,6.31E-21,201794.4469,564747,1.11E-08,-1.59E-09
82860,5.68E-21,168274.7964,560461,1.10E-08,-2.69E-10
82920,5.05E-21,137796.69,556175,1.09E-08,5.06E-10
82980,5.35E-21,138144.8255,555702,1.05E-08,-3.71E-10
83040,5.68E-21,155513.3078,556344,1.07E-08,-4.08E-10
83100,6.00E-21,173909.9504,556988,1.02E-08,-2.87E-10
83160,5.42E-21,142671.748,555380,1.03E-08,1.08E-09
83220,5.68E-21,168122.7772,556408,1.00E-08,2.15E-09
83280,5.94E-21,195661.4591,557437,9.98E-09,2.36E-09
83340,6.08E-21,233559.4944,563390,1.00E-08,2.61E-09
83400,6.22E-21,274811.2354,569344,9.92E-09,2.94E-09
83460,5.26E-21,163334.753,581880,1.02E-08,3.13E-09
83520,5.07E-21,143449.2507,548380,1.23E-08,1.31E-09
83580,4.88E-21,124854.1709,514894,1.14E-08,2.91E-09
83640,5.09E-21,143394.7095,512307,4.88E-09,5.35E-09
83700,5.30E-21,163218.7078,509718,3.37E-09,5.70E-09
83760,5.34E-21,161951.4944,521326,3.79E-09,4.69E-09
83820,5.13E-21,148067.849,519000,4.53E-09,5.28E-09
83880,4.92E-21,134806.2056,516673,5.97E-09,4.85E-09
83940,5.28E-21,161157.7454,516021,6.39E-09,3.88E-09
84000,5.64E-21,189860.3605,515368,6.01E-09,2.53E-09
84060,5.29E-21,180637.0895,513768,6.16E-09,9.53E-10
84120,5.23E-21,172153.0263,514292,6.64E-09,5.98E-10
84180,5.17E-21,163872.0422,514816,6.90E-09,-4.85E-10
84240,4.96E-21,161394.4776,515555,6.93E-09,1.33E-10
84300,4.75E-21,158935.4802,516296,7.00E-09,5.26E-10
84360,5.39E-21,172742.5358,516130,7.05E-09,1.61E-09
84420,4.65E-21,145056.4765,515676,7.01E-09,1.38E-09
84480,3.91E-21,119786.4778,515219,6.56E-09,2.49E-09
84540,4.54E-21,136951.881,513297,7.61E-09,1.56E-09
84600,5.17E-21,155264.9711,511378,8.40E-09,1.26E-09
84660,4.77E-21,161057.9465,508768,7.03E-09,1.17E-09
84720,5.00E-21,181172.0578,507854,5.21E-09,3.19E-09
84780,5.22E-21,202469.8299,506942,3.81E-09,4.09E-09
84840,4.81E-21,184130.0495,581005,2.91E-09,4.00E-09
84900,4.95E-21,183791.1975,568354,5.30E-09,4.88E-09
84960,5.09E-21,183453.5061,555703,9.79E-09,6.50E-09
85020,5.34E-21,183114.6541,558616,1.07E-08,4.58E-09
85080,5.58E-21,182778.1231,561525,9.36E-09,4.79E-09
85140,5.94E-21,189599.2589,553960,1.05E-08,3.81E-09
85200,6.13E-21,218623.3191,557879,9.92E-09,3.33E-09
85260,6.32E-21,249715.3045,561798,9.11E-09,4.63E-09
85320,5.84E-21,216301.255,539618,8.69E-09,4.74E-09
85380,5.36E-21,185285.8595,517441,7.88E-09,4.65E-09
85440,4.93E-21,157687.9945,526855,6.28E-09,3.85E-09
85500,5.08E-21,147842.7213,517241,7.11E-09,3.43E-09
85560,5.24E-21,138316.5724,507628,7.93E-09,3.17E-09
85620,5.21E-21,154369.1023,510316,9.12E-09,2.89E-09
85680,5.18E-21,171302.4151,513008,6.01E-09,2.97E-09
85740,5.13E-21,178771.083,542921,5.94E-09,3.91E-09
85800,5.31E-21,168306.1286,556478,9.00E-09,6.56E-10
85860,5.49E-21,158157.9775,570030,1.02E-08,-2.18E-10
85920,5.85E-21,180461.8613,565117,1.12E-08,-3.97E-09
85980,6.21E-21,204237.198,560208,9.55E-09,4.09E-10
86040,5.81E-21,176493.1161,541202,1.08E-08,-1.27E-09
86100,5.42E-21,150772.8621,522205,9.38E-09,1.63E-09
86160,5.02E-21,127077.5966,503220,1.04E-08,-2.19E-09
86220,4.81E-21,180690.4703,514030,5.29E-09,2.41E-09
86280,5.01E-21,183629.8947,517333,5.29E-09,2.32E-09
86340,5.20E-21,186593.6887,520628,5.40E-09,4.59E-09
86400,5.40E-21,189580.6916,523916,6.35E-09,3.18E-09
